index_code,date,open,close,low,high,volume,money,label
sh000380,34212,0.625475072,31.61894171,3.921757986,14.67827989,23.21107988,18.58575343,10.19669126
sh000001,33729,0.77,36.67,4.27,34.42,40.49,44.18,14.7
sh000136,33968,0.980298631,60.18953888,3.198819701,3.437765197,26.26446377,17.69162144,11.09895472
sh000273,34105,0.090889894,4.746692525,3.512092057,18.5066939,17.64382453,9.896466299,1.749754108
sh000001,33661,0.99,50.38,3.35,14.08,30.13,19.98,13.4
sh000346,34178,0.833269897,45.81078904,3.649922118,10.514534,26.81943803,12.57721018,7.652327604
sh000119,33951,0.339445761,24.19807709,3.556945494,23.47179061,25.80649071,16.17971367,3.66409961
sh000044,33876,0.701610492,48.61893383,2.34399422,6.725436669,33.86815199,29.12079063,12.4522682
sh000001,33731,0.13,6.03,1.92,62.66,36.68,32.26,9.4
sh000001,33651,1.01,53.53,5.63,13.16,24.22,13.04,12.1
sh000001,33274,0.8,44.19,2.45,6.47,21.57,17.23,27.19
sh000001,33700,0.97,53.12,6.38,19.8,20.94,13.31,19.2
sh000597,34429,0.328478844,19.07091528,3.376352268,18.58076934,15.75128257,21.24560186,5.036311654
sh000001,33331,0.68,35.2,3.3,15.31,35,23.3,13.97
sh000042,33874,0.797957531,34.23938898,2.263429286,17.93445273,34.04043631,26.07935043,14.70230165
sh000504,34336,0.210322453,18.21563721,4.050025767,18.95535229,35.18760445,20.64983952,0.778950144
sh000359,34191,0.356821532,18.83011647,4.537793452,27.82280048,16.50360727,15.89695786,2.009869242
sh000001,33624,0.08,7.1,4.61,22.2,18.3,11.1,1.3
sh000001,33357,0.92,49.9,3.04,6.8,33.09,23.7,19.3
sh000343,34175,0.526838639,26.39251238,3.806575897,39.7739701,26.30535318,13.77048035,5.16749202
sh000451,34283,0.812651435,42.07987772,1.841576214,3.323621994,25.87410148,23.74715959,22.44563098
sh000001,33372,0.34,18.02,4.63,29.42,25.44,20.69,9.21
sh000001,33527,0.52,34.48,2.99,11.25,29.63,22.28,6.96
sh000501,34333,0.693350664,40.49666806,3.946065244,22.07033395,22.68868442,15.51615396,14.23573264
sh000377,34209,0.163447556,7.702432877,3.377051778,44.59084355,16.75305131,15.22136749,1.131
sh000133,33965,0.511834759,25.28435033,4.865486396,19.51676387,22.75798158,33.01246065,3.152964096
sh000001,33778,0.14,14.54,5.09,14.18,15.45,12.03,3
sh000572,34404,0.845214598,44.92064304,3.132856024,10.83193524,27.8845976,22.29607561,8.621001422
sh000400,34232,1.118089024,49.91382914,5.066659348,19.52535659,36.73951783,26.51385559,7.033123371
sh000121,33953,0.530396895,31.59667022,4.535463154,14.06690046,23.70523425,17.1828383,8.358447551
sh000001,33399,0.39,25.21,8.4,33.03,39.1,25.28,2
sh000131,33963,0.442096132,28.68438969,4.225391606,21.53353527,28.44182851,24.86445712,6.42124914
sh000599,34431,0.127539921,16.66464205,6.377858776,45.65263746,34.51224497,15.58279496,-1.008417137
sh000001,33386,0.41,14.88,6.22,20.62,15.08,16.74,1.31
sh000062,33894,1.08529305,45.72422769,2.701956064,7.993985107,37.90305539,26.06478526,17.07486304
sh000409,34241,0.632357836,32.79246813,4.167141537,22.93942641,29.9535264,14.70387248,4.934398371
sh000212,34044,0.343269704,18.14788424,4.072052985,15.20703734,28.44338609,23.30849437,3.375499042
sh000001,33737,0.71,28.19,5.53,19.93,33.81,24.43,11.7
sh000001,33379,0.49,27.83,5.7,26.49,41.07,36.87,3.39
sh000001,33830,0.99,41.65,5.45,16.76,28.59,21.34,11.5
sh000215,34047,0.267818248,9.319883745,10.62848104,40.37945784,21.74281406,16.75414768,2.763640224
sh000001,33668,0.72,41.19,2.83,16.91,33.79,18.37,17.8
sh000206,34038,0.22435276,11.45506435,5.956587607,75.67951296,21.25983436,17.5793702,-2.212005627
sh000036,33868,0.669087825,36.09435348,3.529072351,17.32361488,19.19079651,20.68470021,14.88458649
sh000676,34508,1.083429515,55.64068838,2.144001503,6.939363544,31.31433309,13.50567332,14.3995047
sh000001,33266,0.7,35.94,1.98,6.02,23.79,14.01,19.04
sh000184,34016,0.227754782,14.73165962,3.207046042,24.37422336,27.62051274,17.41778314,4.505344508
sh000248,34080,1.368331132,46.87997348,4.323015008,11.7854702,27.0127259,22.25312728,14.56465595
sh000001,33323,0.28,19.1,4,14.6,32.6,28.1,4.28
sh000001,33280,1.11,54.9,4.61,5.35,30.29,20.9,12.16
sh000250,34082,0.582886047,31.26416507,4.102037342,22.71818199,28.5967623,19.53747055,7.179265417
sh000695,34527,0.06712681,2.97921792,3.512805457,17.44525305,13.57368371,11.24425118,-2.234509807
sh000306,34138,0.779553663,40.17499603,19.16859175,55.13305131,33.59846169,29.08501375,8.824652481
sh000208,34040,0.289298591,14.52864793,3.206233381,23.2770988,31.2943062,16.26867173,6.199730963
sh000045,33877,0.686369981,33.80291012,3.208431842,10.64637428,38.08649962,21.94259059,7.760574288
sh000575,34407,0.521541089,21.86946832,4.590950496,20.04922887,24.91758899,21.25794275,2.639860973
sh000001,33637,0.07,7.3,4.11,23.22,19.11,12.36,0.8
sh000001,33291,0.71,32.32,3.22,9.65,37.25,19.84,9
sh000218,34050,0.311294767,17.17811923,4.127598291,5.024974637,29.25671085,22.65497411,7.816156539
sh000027,33859,1.150434544,55.65972149,4.095424432,2.309765671,29.70969464,16.26297711,24.34948645
sh000001,33582,1.16,42.32,5.05,21.76,24.36,17.55,9.7
sh000001,33697,0.68,26.79,4.73,31.93,22.21,18.43,9.7
sh000196,34028,0.652757276,42.53558684,2.986261079,9.055190411,32.10392799,19.02284744,10.21179781
sh000246,34078,0.746829802,35.75108474,5.485922813,25.9010042,46.40547132,21.33099282,16.24352451
sh000091,33923,0.897284327,49.38580534,3.025277793,7.095494636,32.82275419,22.63841004,19.42170074
sh000484,34316,1.087634044,46.75476663,2.850204964,9.329870913,37.86718707,25.98437412,13.7678273
sh000482,34314,0.694462543,26.98408516,2.529731152,19.73200727,31.3673072,15.877931,9.607710662
sh000577,34409,0.525831276,36.35396556,4.852868962,25.06721799,22.37059669,22.5304308,6.426574618
sh000001,33694,0.44,29.18,3.25,22.05,31.99,16.06,4.6
sh000001,33665,0.89,36.29,7.19,34.09,53.1,44.65,6.1
sh000355,34187,0.695410833,28.01376277,5.561910357,20.62761625,32.09645051,22.99057389,9.254416066
sh000001,33562,1.11,53.87,4.31,16.13,21.22,15.64,17.1
sh000364,34196,1.224008479,55.42691208,2.583080774,9.366827515,25.61569461,26.80103438,9.261643741
sh000553,34385,0.439431917,26.39343648,4.204694351,23.05125296,26.99775719,22.89141691,5.668815924
sh000001,33470,0.22,18.5,6.5,26.6,23.3,13.3,3.86
sh000472,34304,0.744945926,38.86664175,2.130878891,20.14029021,35.76202558,24.91112907,6.821447172
sh000001,33368,0.71,37.87,3.4,11.2,39.4,18.27,14.36
sh000656,34488,1.060667138,48.68529867,3.406694804,16.5697779,29.56324175,17.6396128,14.97296949
sh000525,34357,0.341807733,17.98990881,2.761601476,23.71933237,32.62926139,24.46720186,4.250399262
sh000001,33701,0.38,31.18,6.3,14.63,22.31,13.44,4
sh000152,33984,0.185350477,12.27231191,8.254327047,56.33638456,26.35079006,15.99763112,2.681650001
sh000342,34174,0.619453888,32.30224954,3.531195227,34.20258873,31.79151097,40.70670485,6.003180466
sh000122,33954,0.304164151,14.99448672,3.07805205,30.66496676,27.99793489,19.28925055,2.177854022
sh000420,34252,0.375994091,27.68979526,3.244489905,19.15993376,24.88798332,18.34329609,1.634367279
sh000438,34270,0.648720477,37.58468753,3.081821205,10.30676109,23.13801683,13.30208526,15.77985779
sh000001,33774,0.9,49.86,3.91,14.9,17.94,15.58,11.9
sh000167,33999,0.126734613,13.48798426,8.132004982,24.26068491,25.09281176,19.81097198,1.022526219
sh000001,33401,0.31,17.03,3.09,32.6,28.13,20.65,3.58
sh000001,33814,0.66,31.23,3.71,12.45,17.24,11.31,6.9
sh000303,34135,0.576983958,27.50946405,2.695034202,15.59491061,25.85548185,15.87550405,10.88838778
sh000533,34365,0.397717707,15.22126412,6.242985097,22.57602576,14.61118639,17.51590447,0.79714886
sh000189,34021,0.502396564,30.55268036,4.157090381,12.1212264,40.35672988,24.09171197,11.43557865
sh000345,34177,0.691734113,40.23455883,3.733902127,17.52258181,27.0326712,18.40736161,11.11298641
sh000001,33717,0.61,30.58,3.49,33.01,30.48,38.82,7.7
sh000302,34134,1.0028673,52.0585679,3.389783225,14.44559454,31.43594961,22.40935476,12.67738271
sh000686,34518,0.191045251,9.618261173,5.210348842,24.84009312,22.72986983,15.84136455,2.10838004
sh000001,33533,0.35,23.5,1.6,7.92,31.79,19.13,8.12
sh000220,34052,0.394381963,22.10421942,10.1323058,6.650541785,32.86827941,18.81441728,9.613272951
sh000001,33819,0.61,29.01,3.08,38.77,18.46,12.12,6.5
sh000416,34248,0.744152656,37.42367547,2.735098086,23.03466046,27.45059352,16.8836413,8.073994518
sh000104,33936,0.103307129,3.983131235,2.476959729,6.453204577,48.52511566,19.52004205,1.534506792
sh000129,33961,0.452398922,30.34336432,4.199973262,19.11882077,29.73355183,30.97452647,8.532934843
sh000001,33800,1.13,48.33,5.04,20.92,35.96,29.13,7.8
sh000202,34034,0.40092735,26.61291865,4.129578432,30.35073677,36.43208842,20.90271474,6.717960303
sh000172,34004,0.566330092,33.56850153,3.50191048,32.47536288,26.82616433,22.36301619,5.868210153
sh000001,33742,1.02,51.09,5.01,21.2,36.7,29.33,7.99
sh000698,34530,0.413047353,23.69986532,3.880681563,13.75889538,20.62736181,19.96541003,3.635560892
sh000001,33619,1.57,61.93,6.51,5.62,25.21,16.53,26.9
sh000477,34309,1.027610129,48.90149056,3.071680446,8.564618049,34.35624968,25.53764025,15.61873456
sh000114,33946,0.36351637,14.97266465,3.228415257,16.76965719,22.06775606,13.99921631,3.083759333
sh000016,33848,0.648825892,38.43997861,2.995515784,9.149716745,21.12800145,13.50963683,11.00740472
sh000101,33933,0.330398211,19.5082921,4.56119751,27.45963031,23.23282052,17.86012266,8.556871696
sh000411,34243,0.588576548,33.20550941,3.912067468,22.48153511,25.29100769,16.81982663,8.355756876
sh000402,34234,0.164682738,12.24269259,6.345432779,27.34686978,23.26624168,10.81945082,1.400484027
sh000001,33242,1.02,49.99,4.36,5.98,36.44,25.73,22.14
sh000001,33752,0.54,30.07,3.44,24.14,40.32,17.64,4.7
sh000001,33254,1.3,57.82,4.13,5.64,28.19,19,19.1
sh000001,33505,0.66,42.6,2.96,8.51,33.4,21.9,8.18
sh000001,33238,1.09,54.5,2.91,5.68,31.06,21.79,19.18
sh000001,33686,0.83,52.17,4.54,14.71,26.11,17.24,23.4
sh000111,33943,0.404044331,15.18385043,6.269322983,21.5653751,16.02173896,16.59058677,1.766282949
sh000455,34287,1.056670522,52.16568838,3.892958115,5.309871432,34.14039999,17.33665244,22.26764699
sh000609,34441,0.225251876,27.01210911,5.130310386,44.58904355,30.76976981,13.54767966,0.719726325
sh000574,34406,0.172330023,11.34736176,8.271945545,57.68862676,25.20784365,15.63415139,2.416617366
sh000336,34168,0.557032316,18.16773767,3.506153661,33.34201644,38.12468344,27.76182105,10.15075301
sh000395,34227,1.116579998,25.08866741,3.841968292,30.12211617,48.37369652,26.6024762,8.88878051
sh000001,33666,1.04,55.32,2.15,14.81,20.61,17.48,14.6
sh000087,33919,0.217883985,15.24508608,1.886759526,26.61301319,44.71275066,20.24544464,7.395808526
sh000001,33746,0.87,49.78,2.61,4.77,32.19,17.25,7.1
sh000530,34362,0.340850577,14.55052778,2.732287387,14.24086162,34.14585542,19.11249675,8.230730322
sh000459,34291,0.678467922,30.04102163,5.392337196,19.97408614,44.25319351,30.61829284,12.81869615
sh000001,33305,1.03,51.17,3.05,6.77,33.15,24.76,13.46
sh000590,34422,0.156134699,16.61914183,6.211570931,1.778227667,24.37920478,27.1764113,1.525096307
sh000403,34235,0.502927403,28.52717065,3.42660833,27.95249717,31.88975023,23.09295762,6.000877266
sh000139,33971,0.62641454,40.67885336,4.964166142,5.861582935,25.37210439,10.8893963,10.30802316
sh000001,33767,0.17,7.29,3.28,42.86,19.72,12.75,1.6
sh000694,34526,0.388348154,25.96283673,3.777636857,14.45568404,26.64251486,21.39405446,5.48854067
sh000335,34167,1.051437636,38.54183554,4.259980608,28.84259372,25.83790308,20.65745348,12.39511922
sh000001,33522,0.3,22.3,3.55,24.6,18,13.2,4.66
sh000604,34436,0.221187107,28.22047439,3.170455088,26.22343109,28.65395781,16.50723149,4.328338978
sh000001,33795,1.25,60.52,3.96,7.11,19.36,15.24,8.1
sh000109,33941,0.162697053,7.635001113,2.497411762,13.49706486,20.11913498,11.04255601,3.790698815
sh000198,34030,0.435822971,36.78090504,3.233748079,33.5014607,37.25160769,27.3680448,8.125815958
sh000001,33424,0.65,39.62,5.06,6.77,25.27,13.54,11.13
sh000001,33227,0.72,35.36,6.03,18,27.82,18.15,13.69
sh000310,34142,0.93644676,51.25028326,3.024747851,8.658320516,22.95876328,16.03302063,13.62512201
sh000001,33793,1.12,24.17,3.93,30.71,47.38,24.49,6.4
sh000257,34089,0.654218698,36.94899566,4.390647387,31.54269785,38.96565388,34.03596135,11.55351856
sh000235,34067,1.093060559,51.40804127,4.234018989,16.81899865,20.62276811,16.64798214,15.08057571
sh000535,34367,0.62881048,35.03980857,4.368569056,8.472687565,28.59425268,17.95025387,4.88410438
sh000001,33563,0.61,33.32,4.1,15.6,33.63,16.15,7.7
sh000001,33444,0.52,24.12,4.54,19.47,27.4,22.67,4.44
sh000636,34468,0.34115325,24.93262637,1.600957992,6.13474445,31.34603924,19.93850737,6.541473853
sh000001,33598,1.78,52.41,5.77,10.52,40.01,28.21,15.4
sh000408,34240,0.196233195,16.6662901,6.226685744,28.81267923,18.93330601,14.01876373,2.986406515
sh000201,34033,0.093839877,10.26400606,6.522977172,55.62053615,22.91425599,19.76480081,-1.577852979
sh000558,34390,0.99410269,59.06728363,3.193113883,1.85348978,27.16941125,15.3144318,8.313560603
sh000130,33962,0.412611555,20.12162783,6.076415023,22.26653199,29.94224112,17.86865645,4.507372601
sh000001,33550,0.37,33.79,4.2,20.32,37.75,25.38,7.9
sh000431,34263,1.113615705,56.46435896,2.962543196,6.151129214,33.47549448,20.54333531,20.04511613
sh000443,34275,0.856166242,45.82790614,5.588783699,9.120235738,48.82331815,21.86866364,32.52531858
sh000001,33618,1.07,54.19,3.49,7.94,26,15.24,14.6
sh000643,34475,0.163127586,8.988937175,9.148979175,41.65605121,16.97666388,10.72785336,2.56881748
sh000001,33626,0.08,7.6,4.77,21.1,16.3,13.1,1.4
sh000001,33631,1.4,53.81,3.15,6.15,27.59,23.4,9
sh000001,33491,0.71,47.1,2.41,12.7,26.6,21.4,8.51
sh000557,34389,0.56012576,44.29559462,4.193005718,33.19283413,15.87104231,19.33759892,7.752693604
sh000001,33415,0.52,26.44,3.19,16.04,17.58,20.25,3.84
sh000001,33389,0.34,14.32,3.14,16.7,24.65,13.6,5.03
sh000339,34171,0.605299048,34.14176909,3.287196484,33.23135613,29.44496495,20.46926247,7.831979233
sh000001,33722,0.67,40.6,3.78,17.2,24.15,17.64,13.2
sh000605,34437,0.415579465,28.0594981,2.572853063,19.9962751,39.39884922,24.52584012,3.450996179
sh000001,33259,1.16,50.97,3.93,4.68,20.44,21.06,28.09
sh000001,33352,0.69,46,2.44,9.6,41.1,18.7,11.57
sh000238,34070,1.250645369,50.97678426,3.282249616,8.104641503,26.4998478,18.74298306,19.36318018
sh000163,33995,0.728317387,47.41803034,4.100797947,13.00194048,39.28531388,26.50749128,8.468387781
sh000211,34043,0.271301809,10.07887984,4.529461665,26.21611929,34.17987853,24.49389971,1.331378149
sh000001,33350,0.89,53.2,3.77,23,24.7,16.27,18.74
sh000286,34118,0.086860396,7.940893008,5.523100186,33.11857601,16.5378669,12.11627181,0.849845313
sh000305,34137,1.056781573,55.90410171,2.237357425,13.8971069,21.77810557,16.6508997,15.90278984
sh000304,34136,0.91154006,35.14104147,7.227162827,33.05970011,50.28679353,46.71061234,8.24890867
sh000001,33788,0.38,19.78,3.73,45.56,24.34,13.79,4.9
sh000267,34099,1.128805928,54.43000634,3.331951218,5.234071898,22.87170304,17.9917996,20.6636266
sh000204,34036,0.313895832,17.55190253,2.79533141,34.90988785,17.4422796,14.80171511,6.03886131
sh000025,33857,1.001977665,52.47653394,2.670619131,7.173519089,28.31952365,15.10960807,19.97316346
sh000422,34254,0.976918059,41.89651933,5.364864917,17.15769328,28.39240888,19.26076407,10.23278676
sh000001,33449,0.32,20.1,2.9,23.3,26.4,20.2,4.15
sh000415,34247,0.831900917,29.74325945,3.310192434,30.03448563,20.87171946,16.50122896,5.267323254
sh000046,33878,0.208435714,13.81941078,1.829837712,28.52215352,51.51378338,21.17449531,6.729560961
sh000439,34271,0.919007006,42.03705275,3.598866867,8.499871565,34.2280654,20.65799011,6.583956094
sh000276,34108,0.365516623,24.74042662,3.829229408,15.60979043,22.19312909,15.35866219,3.848651548
sh000001,33269,0.64,34.84,2.56,5.32,25.83,14.78,19.16
sh000001,33317,0.69,39.37,4.01,22.22,21.77,18.27,14.3
sh000371,34203,0.344747357,19.92447154,3.031733914,25.1770698,16.54541308,13.00213116,6.365701855
sh000001,33641,0.43,17.71,6.52,39.66,17.15,14.86,5.6
sh000668,34500,0.731405047,35.93964067,5.478794041,24.68920415,42.30487665,22.42347747,13.89467502
sh000001,33739,0.21,14.88,7.22,32.11,17.82,11.11,3
sh000471,34303,0.430358881,21.05140371,2.730530813,36.95088273,43.18309332,28.11587752,6.817519907
sh000696,34528,1.092687782,54.89448596,3.587158253,7.532271215,27.6896969,17.59241108,12.40672147
sh000616,34448,0.350236733,30.75076455,5.564816158,28.06409644,23.03080551,19.4763747,2.280418334
sh000001,33682,0.89,41.56,4.24,36.35,23.13,18.81,18.1
sh000001,33539,0.3,16.7,4.09,6.96,30.33,25.42,9.37
sh000001,33690,0.82,47.04,3.38,13.04,24.36,16.08,18
sh000332,34164,0.701113368,25.60538537,5.630244818,19.61678748,36.28329404,28.25552098,11.64925082
sh000681,34513,0.572116267,30.30350773,4.480272191,40.50372766,49.85375108,36.57214973,12.19008032
sh000001,33339,0.67,39.37,4.01,22.8,23.74,18.27,15.21
sh000581,34413,0.473369823,30.90801235,4.139604591,23.21404165,26.10872834,26.69769763,9.137036198
sh000690,34522,0.179358746,11.47967678,5.34432739,23.400759,20.19197629,18.64134098,0.576566764
sh000283,34115,1.39871094,51.61433255,3.194189628,8.027613898,30.55053745,24.05505519,9.537295307
sh000300,34132,0.966717889,55.29094628,5.6590793,12.60846066,23.88391479,15.69975744,14.58254978
sh000067,33899,0.281809734,17.82961665,3.981534989,14.38087403,35.56229917,30.44471663,3.378463532
sh000001,33583,0.58,29.24,4.14,23.2,29.07,17.45,7.4
sh000001,33430,0.84,44.37,4.37,17.45,36.78,26.34,5.81
sh000550,34382,0.546496619,29.65179443,3.393524873,30.63218694,19.70869727,21.27908495,2.241684172
sh000266,34098,1.108468667,57.02043289,2.256545012,3.249772792,24.68720397,18.16400848,13.88836784
sh000001,33486,0.43,27.24,2.67,18.56,38.9,22.55,5.61
sh000372,34204,0.975039633,52.37846646,4.326025423,6.329066411,27.92797918,9.66730629,12.82088961
sh000351,34183,0.107716158,8.169401845,1.902100626,61.25271717,36.50131088,34.03687957,11.67389048
sh000001,33785,0.08,8.1,6.31,24.21,26.31,13.21,0.6
sh000547,34379,0.359295332,17.54213745,7.469914171,17.90921293,29.16923928,21.51747821,2.990844727
sh000001,33578,0.87,49.25,6.04,41.03,28.9,17.6,8.3
sh000001,33423,0.42,24,3.51,19.59,29.13,21.81,5.6
sh000627,34459,0.37937129,28.97725351,3.603233429,21.7193608,37.2173218,25.43850697,7.956196647
sh000555,34387,0.515732937,26.43105455,4.866456588,18.29177988,21.25935302,27.99206421,2.136525267
sh000001,33662,0.56,29.96,2.71,16,25.1,13.75,9.5
sh000671,34503,1.163004085,42.56940232,5.082961184,23.01170611,23.20670791,19.95211847,10.73356099
sh000043,33875,0.712605038,37.25655577,4.041891077,21.05892029,23.87184957,15.57595694,14.59651205
sh000001,33326,0.69,34.1,3.05,16,33.1,23,13.03
sh000684,34516,1.172873887,45.63341599,4.010042519,18.33410536,22.05049261,15.00836421,7.507147516
sh000010,33842,1.224706679,59.43104052,5.236167463,9.739922215,32.99474237,18.68086957,21.53573053
sh000001,33808,1.18,58.61,2.72,9.5,28.13,16.42,10.8
sh000001,33310,0.46,27.75,3.54,15.39,32.47,18.64,4.45
sh000001,33311,0.62,31.05,4.35,26.58,36.34,18.5,9.6
sh000001,33693,0.45,34.18,5.7,12.16,21.91,15.74,5
sh000001,33630,0.33,18.79,7.52,39.66,16.15,11.86,6.6
sh000617,34449,0.665531173,47.76407597,2.817709033,12.19650424,38.50973629,22.78599833,10.22493793
sh000425,34257,0.597653678,32.01345155,6.054894262,10.92854094,32.68558106,25.87130793,6.106358576
sh000352,34184,0.38785681,25.43107741,2.570471542,56.21557994,62.17752969,34.42355073,5.363437215
sh000337,34169,0.45145914,28.60252841,4.880386387,34.55807835,26.59213378,16.85391647,6.927909118
sh000001,33821,0.85,27.7,3.24,31.96,21.8,17,6
sh000434,34266,1.030596609,47.88286054,4.273971492,4.76620106,37.99973489,27.14403931,22.38242412
sh000001,33476,0.32,21.44,3.39,17.04,17.58,21.25,3.49
sh000511,34343,0.763495281,51.65293974,4.001134992,17.77714375,26.64869435,23.88099613,14.76234758
sh000001,33724,0.44,27.75,2.88,23.67,17.45,19.11,11.7
sh000629,34461,0.324559296,24.70890826,3.602384203,24.39107051,19.74889264,16.11591581,6.228961241
sh000407,34239,0.10700067,11.24677932,5.244375067,22.98375088,21.74782828,12.79747725,1.023801157
sh000190,34022,0.080902891,11.1431261,7.619264547,47.73977601,33.75649702,26.45930179,1.930518706
sh000001,33711,0.18,13.79,6.48,29.22,18.82,12.44,2.2
sh000001,33493,0.48,25.36,4.17,9.42,33.92,25.14,4.34
sh000433,34265,1.042586396,62.61479676,2.858761494,7.242391079,30.13358103,20.83063543,19.18031315
sh000683,34515,1.782887659,54.79451902,5.713116131,11.47571227,38.39011225,29.33142204,15.50008579
sh000001,33721,0.81,38.27,4.11,32.22,31.19,24.11,15.6
sh000001,33574,0.63,32.72,4.1,13.6,31.63,15.15,10.5
sh000108,33940,0.316389109,18.49576608,2.77233357,13.47189144,32.3371595,20.83451623,3.833718464
sh000071,33903,0.70696071,35.34988307,3.419679301,14.82553586,28.53468725,21.88513174,12.48605291
sh000176,34008,0.285215353,21.46569663,4.635042869,27.223891,28.5677809,17.87236293,1.405366632
sh000142,33974,0.377973566,23.53636632,4.746284516,17.64724042,33.44515603,17.74167685,3.67565678
sh000001,33750,1.23,55.13,2.65,9.23,28.08,26.83,10.5
sh000001,33406,0.36,17.71,7.4,18.32,29.16,21.1,4.69
sh000082,33914,0.175469929,17.74337285,4.116374757,20.83187815,36.2428761,21.95405953,1.22929594
sh000001,33235,0.77,46.43,4.09,4.51,32.81,18.82,17.13
sh000017,33849,0.923189279,41.85558707,3.672769929,9.886801149,31.76532013,17.33240163,7.942510503
sh000001,33434,0.54,30.12,3.84,18.57,28.4,21.67,4.51
sh000001,33417,0.17,8.31,3.8,30.26,34.23,35.49,3.56
sh000628,34460,0.257777432,13.92437227,5.99618688,76.72473796,19.93620463,19.96474512,-1.881470815
sh000618,34450,0.647343403,43.1997162,3.01488592,7.287718842,31.63475939,24.71404002,5.960182587
sh000227,34059,0.353536613,36.07667119,4.207782763,20.05341244,38.50124015,28.00341547,5.870896945
sh000165,33997,0.457814247,25.6397277,3.965315612,33.81739193,27.42128419,22.6134096,8.210667926
sh000050,33882,0.738021105,36.21910416,2.056153138,20.57566132,36.5751002,22.50169028,7.756598452
sh000368,34200,1.227752395,68.17225841,2.500577191,1.601816415,22.33488318,18.4591787,8.363799202
sh000001,33826,0.59,35.3,3.25,17.91,26.79,19.94,3.9
sh000474,34306,0.664473645,27.08938275,2.754697928,16.78210908,37.93887091,27.94370991,12.28879944
sh000361,34193,1.09390871,46.60445119,3.541221843,10.41359759,34.93617192,30.59408217,11.15282492
sh000081,33913,0.133973832,12.12781402,3.224850393,22.15652341,36.94795261,19.41983905,4.888083122
sh000483,34315,0.42171328,22.84332658,2.841216467,14.20130036,30.03158488,24.74162138,6.359131038
sh000307,34139,0.704407997,43.26698,2.846102037,17.1995506,36.32380389,17.97545107,16.00784527
sh000414,34246,0.677115545,38.31805896,2.36672821,10.95378958,18.67509922,16.28598836,11.31517111
sh000178,34010,0.43790542,34.41423344,2.943442346,14.11457917,26.87754846,20.77360729,6.127732533
sh000539,34371,0.280029196,13.0392977,7.449426824,20.16249255,22.93317637,21.17279414,4.205035868
sh000001,33325,0.72,36.6,4.1,17.3,25,19,14.3
sh000001,33605,1.15,47.32,4.6,13.74,23.7,22.19,9.5
sh000001,33374,0.35,16.9,2.72,22.4,31.4,22.5,5.05
sh000006,33838,1.091040464,57.92090003,3.96591116,4.978564791,25.56548904,17.27298057,18.77448205
sh000001,33570,0.69,36.72,4,14.6,37.63,13.15,8
sh000610,34442,0.46343325,27.64456676,4.239948637,8.182765927,31.92781851,27.96652611,6.001891732
sh000001,33358,0.79,39.8,2.26,17.09,36.65,24,13.94
sh000001,33438,0.35,17.18,5.1,22.44,25.48,21.83,2.71
sh000030,33862,0.755404139,41.72926251,1.536875521,6.464142214,22.48152337,22.33474018,22.85104849
sh000001,33319,0.4,20.1,3.2,15.1,32,25,5.37
sh000551,34383,0.479260237,27.76177848,4.036484347,16.57678565,31.61407054,33.12669006,7.980083175
sh000281,34113,0.684075382,32.18680808,5.673316427,46.01276014,27.93204989,18.32751833,5.606610443
sh000001,33346,0.69,25.7,2.61,32.57,51.51,24.19,9.61
sh000153,33985,0.537110703,24.95794761,4.619997038,20.20413806,26.41713092,24.08052527,5.97543596
sh000099,33931,0.699299498,35.4665037,3.431225638,12.97908727,41.46875203,18.85032862,12.11399649
sh000001,33263,1.13,55.53,4.14,4.25,27.54,19.24,26.17
sh000001,33756,1.22,67.68,2.41,2.08,24.04,19.03,9.3
sh000223,34055,0.346737268,15.07584832,4.24322964,17.06071287,28.41170774,25.17993457,5.957988923
sh000231,34063,0.366856108,34.42094035,3.614414996,22.83361163,33.3814756,27.99605221,6.220381316
sh000242,34074,1.308265353,47.12168689,4.286381705,13.81192558,25.34983699,16.7084678,15.26777518
sh000113,33945,0.651951674,37.68394399,4.330294416,9.363857952,32.19661286,17.15543306,1.597154673
sh000348,34180,0.224121719,16.21908707,7.400167663,34.52663302,14.61637861,14.2754335,4.746367293
sh000001,33816,0.66,35.38,4.75,22.6,21.69,14.86,9.2
sh000147,33979,0.64090435,34.91647762,2.741209212,8.516864372,33.53032281,16.25681142,4.808409932
sh000513,34345,0.917574275,50.84647364,3.079322344,8.104504948,33.36843337,21.82395899,17.95122598
sh000194,34026,0.364872505,31.02301095,5.534677925,28.26323645,24.40706141,19.10169676,2.822838691
sh000521,34353,0.705855027,36.97743459,3.408960373,10.63951465,38.71680577,17.98664436,14.11327868
sh000347,34179,0.43929229,28.04084752,2.839610675,24.44765376,18.02919601,18.00945636,10.85548511
sh000675,34507,0.602863219,30.20167171,4.145666304,33.13600785,42.34769123,34.23282155,15.5922301
sh000325,34157,0.435807238,31.27422977,3.188913353,20.67836495,29.22181923,13.77925026,5.01513167
sh000579,34411,0.250390252,14.5576298,6.21035266,32.79192362,27.93829188,20.86624215,1.464280329
sh000078,33910,0.209870071,13.16235586,1.852959211,27.79097809,45.11132442,17.41516806,4.854546433
sh000693,34525,0.074203473,6.163837709,5.604266614,19.76649731,17.49644517,14.83977114,-0.9068752
sh000192,34024,0.369126932,26.06344086,5.202204443,29.06028362,20.72482057,9.855732074,3.479126734
sh000244,34076,1.162000358,52.51082733,3.65726708,7.189971986,31.27711766,17.45595179,15.26680445
sh000151,33983,0.351027787,17.27711698,1.877156956,3.59651472,29.51815305,28.53333376,3.730368059
sh000001,33781,0.86,54.75,2.56,3.91,20.93,12.26,15.8
sh000001,33442,0.33,19.57,1.87,4.07,31.03,29.51,4.9
sh000291,34123,1.209672284,53.88981086,4.551246117,8.93470792,26.87589743,14.52518463,15.8666445
sh000001,33514,0.11,9.18,6.5,57.2,21.1,17.2,0.17
sh000625,34457,0.508397443,28.27990537,2.994178683,12.17108801,21.03680486,19.38326915,8.303929103
sh000001,33409,0.54,29.45,3.42,28.72,22.7,20.9,4.61
sh000674,34506,0.239984406,9.957724845,5.02127969,28.94927152,20.5390956,21.18410607,2.260521122
sh000318,34150,0.339858349,19.03893929,5.051118158,19.51041147,27.98093105,18.36607043,3.637528149
sh000107,33939,0.06308662,0.54260738,2.214822603,58.56662026,74.29344168,51.92938824,6.229327644
sh000001,33675,0.98,51.08,2.77,9.89,28.95,12.21,16.9
sh000001,33427,0.17,9.35,8.68,37.98,26.57,18.77,1.13
sh000654,34486,0.534504438,28.26534232,2.775756183,11.57622151,31.73844026,29.08094364,6.577133312
sh000001,33735,0.46,31.15,2.88,23.67,17.45,19.11,12
sh000001,33450,0.24,15.7,6.23,32.4,26.78,19.24,3.14
sh000145,33977,0.56284269,31.38033232,3.767931263,19.39207285,29.08970554,21.898026,3.259469371
sh000001,33282,0.96,50.91,3.97,5.44,34.15,23.19,10.92
sh000421,34253,0.703150518,40.63121151,3.410958649,13.51971841,21.46023301,15.78330392,11.62769787
sh000001,33249,0.91,42.64,3.63,9.98,33.36,17.66,7.4
sh000508,34340,0.89482949,54.51099549,3.794935811,23.48332786,24.11489349,16.99147094,20.92826444
sh000001,33780,0.33,19.17,4.1,25.3,54.87,37.47,3.5
sh000001,33786,0.79,44.19,2.91,9.06,18.5,11.75,9.8
sh000650,34482,0.47413874,37.19043604,3.252707773,19.95186751,39.54053132,25.27894567,5.877029534
sh000001,33710,0.43,26.22,4.87,33.22,24.35,14.65,5.1
sh000320,34152,0.504127069,19.46441545,4.472048642,24.08383484,37.30547472,26.67062163,7.897736267
sh000221,34053,0.147809944,7.266523717,9.112669633,43.30431745,18.42329356,13.40024467,5.726703309
sh000309,34141,1.079905727,54.2080134,3.473768994,6.125807493,33.24482855,23.27276213,14.53267032
sh000128,33960,0.54342956,30.23616073,3.408057372,28.94095701,22.55737335,20.55749747,6.551596733
sh000418,34250,0.606536541,33.57222501,3.236218863,17.22913824,23.965963,22.70483813,5.972955202
sh000677,34509,1.073820653,48.12405837,5.976520329,14.26070149,26.80094134,16.99691259,19.05105582
sh000001,33436,0.64,35.32,2.76,6.96,31.92,15.91,6.13
sh000529,34361,0.036203243,4.28200086,2.318783407,58.14546245,75.07546008,51.80702826,4.906514932
sh000207,34039,0.289986779,23.5430658,3.562112507,23.88552206,16.02254279,14.57225724,6.865080646
sh000001,33337,0.13,11,3.3,24,36,19.3,1.6
sh000116,33948,0.299581202,17.33955324,3.371339857,19.25053591,58.76158915,19.37259372,2.728227644
sh000441,34273,0.409178841,49.74188715,2.186759336,10.83266308,28.76049073,26.17829203,23.41038558
sh000466,34298,0.682355906,47.62695015,2.421580274,7.31137831,36.25090134,32.9602548,11.67131763
sh000460,34292,1.11215191,53.07086119,4.616442988,5.440181459,33.2005461,21.93303128,10.97648658
sh000261,34093,1.793667189,53.2236647,5.692016312,11.92700735,37.14624976,30.93845414,15.10901944
sh000393,34225,2.584973496,42.38373796,4.101252819,18.38341454,94.24009588,71.61698268,9.10984544
sh000389,34221,0.088939419,9.155603236,6.261387252,25.39545537,23.81334784,12.06323092,-0.997115044
sh000608,34440,0.688914017,48.85124201,2.362932546,10.78231955,26.39453861,19.99442972,8.281333404
sh000148,33980,0.470557934,24.38673363,3.59961618,16.42110375,29.95384805,22.95435355,2.011506412
sh000584,34416,0.642314463,40.39931841,3.448412441,8.959532691,25.96521118,31.64445652,8.180132659
sh000001,33632,0.21,14.79,7.58,32.32,15.82,11.16,2.9
sh000001,33541,0.38,24.2,10.2,7,31,17,8.56
sh000689,34521,1.144919952,58.92083126,3.362852736,7.740551749,19.86442042,16.64882225,19.98379654
sh000210,34042,0.506973382,35.92575643,2.948912627,12.69077816,31.91252364,23.49139237,5.726185035
sh000001,33520,0.4,26.5,3.7,22,36,23.4,6.88
sh000001,33497,0.07,8.9,7.65,48.8,32.1,24.7,0.44
sh000001,33525,0.29,16.2,3.2,23,33,17.7,4.24
sh000001,33422,0.4,25.42,5.21,28.46,22.67,15.3,3.87
sh000001,33688,0.63,36.03,2.82,17.48,24.76,16.74,18.2
sh000001,33532,0.23,10.6,5.01,30.2,23.7,17.2,1.5
sh000029,33861,0.79791269,43.75179971,1.820453108,4.734077285,25.19388815,25.55826985,23.6327368
sh000523,34355,0.349982627,16.41992236,4.587743041,30.4349699,25.51300693,23.32087191,9.599656581
sh000001,33407,0.33,18.24,5.2,15.19,26.6,17,4.92
sh000546,34378,0.360965766,20.64085632,7.165425524,39.49525385,40.44597081,30.88492274,3.60789561
sh000376,34208,0.882435647,49.0230099,3.950136089,7.446273853,31.27170973,14.98637208,10.46786011
sh000037,33869,0.643846426,28.95827735,5.414525333,17.76659553,45.30739763,31.61451444,10.43785163
sh000697,34529,1.555292947,63.40909406,6.547680677,5.336179475,22.4831548,14.52063279,28.42858874
sh000001,33798,1.36,47.65,2.49,14.37,24.72,19.72,5
sh000180,34012,0.162416692,19.89516278,8.73048274,31.14735295,25.57401959,19.92208979,2.570497664
sh000001,33375,0.09,2,2.4,6,47.4,18.3,0.5
sh000232,34064,0.506547825,28.74684923,2.78919573,12.22861422,28.34695998,25.6449344,7.234730951
sh000253,34085,0.570663021,29.55605238,4.20357819,32.15043458,47.39823762,34.98026724,11.65088461
sh000384,34216,0.146185837,14.58652149,5.181732294,16.1097018,13.98599703,12.71947337,2.797913913
sh000001,33534,0.25,11.35,10.68,41.98,21.57,14.77,1.97
sh000226,34058,1.128677655,52.52135764,2.565172031,1.64479578,25.98049589,18.06190486,12.9597641
sh000429,34261,1.461457903,56.39761648,2.640944411,4.043450373,32.30541804,20.9967887,16.47977263
sh000001,33232,0.87,50.49,3.24,5.3,25.35,17.77,12.52
sh000419,34251,0.982265851,53.87924124,3.125056639,15.18996556,25.50201955,21.22077483,9.33211851
sh000001,33308,0.71,31.59,2.27,20.17,38.28,32.98,7.28
sh000688,34520,1.122566479,56.31596693,2.137938184,4.133556728,24.13060877,19.55966809,15.75403388
sh000567,34399,0.536988717,29.31830766,3.76914788,19.01660242,27.40868877,19.51281042,4.256255018
sh000001,33812,0.21,16.79,6.22,27.29,18.91,11.21,3.2
sh000622,34454,0.328779712,27.54511168,6.814178814,31.78161166,34.17844256,22.19964717,3.287743569
sh000001,33478,0.13,17.4,6.44,45.8,32.2,18.4,1.16
sh000001,33599,1.16,45.32,4.05,19.76,24.86,17.05,9.1
sh000059,33891,0.596175907,31.43690586,4.324565335,28.29638263,37.94919846,18.6589141,12.00101143
sh000001,33540,0.45,28.74,2.68,11.9,32.34,18.13,6.79
sh000288,34120,0.419870943,18.13635086,6.582772228,38.28939368,19.73079335,12.18540524,4.482387906
sh000001,33526,0.39,24.56,3.39,14.31,28.41,13.28,7.3
sh000001,33616,0.41,24.29,3.87,14.34,28.45,24.27,4.8
sh000001,33521,0.24,13.56,6,75.39,22.64,18.37,0.11
sh000001,33452,0.45,33.1,4.2,21.3,28.3,25.5,6.75
sh000423,34255,0.165539834,5.863711797,3.492912576,40.67346251,18.68705173,11.3427877,0.256823155
sh000251,34083,1.639329326,61.07566778,4.399647856,8.506795222,30.84549355,18.42586688,19.42361977
sh000183,34015,0.416573659,29.62045622,2.700255831,17.24741823,36.29803985,23.14194668,4.091842718
sh000468,34300,0.214244396,11.44511764,1.735545596,30.35495476,47.81746359,18.80577815,8.52513078
sh000001,33302,0.67,28,2.8,18,35,25.3,12.6
sh000127,33959,0.356835298,23.12056351,3.432962615,16.98632218,38.87427635,20.27305117,3.97068699
sh000100,33932,0.700915416,48.15256228,2.638992398,8.223509833,34.9259478,28.55277245,10.61711193
sh000518,34350,0.978449482,49.23983567,3.066753814,5.338735716,34.88272879,20.09313782,14.61870215
sh000001,33707,0.25,16.21,4.51,23.22,22.32,16.21,2.4
sh000001,33760,1,54.61,4.42,6.73,25.81,11.83,13
sh000001,33234,1.47,57.13,2.72,3.4,29.56,21.1,18
sh000001,33472,0.54,34.39,4.23,11.04,25.24,21.99,5.75
sh000454,34286,1.142746416,56.80948672,3.184646726,8.522207672,21.04904598,19.46788807,22.73788102
sh000001,33610,0.18,9.2,5.31,25.2,22.3,16.2,1.1
sh000001,33416,0.51,25.38,4.79,18.12,23.47,30.16,3.52
sh000449,34281,1.150079773,57.67609805,4.047643948,4.320739131,25.07433805,21.26800019,28.12662652
sh000576,34408,0.68716283,34.60107581,3.923134594,18.62515987,31.26733215,19.9562103,6.523425741
sh000505,34337,0.765077453,49.70756703,3.618956389,19.91171966,26.36355609,20.5016945,15.01561627
sh000001,33708,1.04,40.89,4.32,28.31,26.92,20.97,11.1
sh000366,34198,0.548113145,31.17627246,3.504212281,24.71639858,43.26612454,17.25035864,6.725316822
sh000186,34018,0.707937579,47.1795748,2.395293746,13.04832284,28.49646431,20.83510199,10.83776801
sh000001,33256,0.36,21.31,3.11,12.1,38.03,19.23,4.27
sh000001,33568,0.71,39.72,3.5,14.4,33.63,16.15,9.1
sh000012,33844,1.020125623,51.48979964,4.314262017,5.396791677,35.08682821,27.17414614,24.09367426
sh000603,34435,0.468680639,33.33582238,3.186717739,11.90745229,26.57142304,22.50840526,5.193930838
sh000516,34348,0.589798667,35.36194377,5.46973866,16.11704026,36.22087642,33.00925877,10.82946425
sh000199,34031,0.469732374,37.5269702,2.874141565,27.63652349,31.57671069,24.22407253,7.772884961
sh000001,33471,0.57,35.86,3.59,34.38,27.94,21.65,6.31
sh000171,34003,0.21379635,20.8956637,6.500289497,28.38270588,24.352495,13.81714606,2.51478039
sh000001,33435,0.6,35.12,4.84,13.57,20.4,27.67,5.89
sh000519,34351,0.673531557,31.52600919,2.577880424,22.18585449,32.3622667,27.54762332,7.396911085
sh000360,34192,0.899323608,45.52647549,3.2175123,6.935463116,13.89861924,15.81554291,9.457573562
sh000239,34071,0.723734036,41.22469329,3.551820694,14.5948759,36.51832195,17.14122391,7.659273891
sh000001,33367,0.62,32.2,4.37,24.5,36,17.4,10.01
sh000079,33911,0.692767603,40.27662507,4.103357216,24.37779244,22.27729303,21.11123643,17.14729608
sh000236,34068,0.631641977,32.26277228,4.191045625,17.34409733,36.47645265,13.26397262,9.714424888
sh000292,34124,1.355782767,57.91084155,2.640556815,9.94251848,38.49564928,22.60394573,16.13046578
sh000117,33949,0.279475253,14.40163066,7.493598331,19.14448925,20.34984902,21.73500404,3.47771235
sh000642,34474,0.38202056,24.13908462,10.2482641,5.128132341,33.82913729,14.17177966,8.84638489
sh000005,33837,0.851321161,48.08991371,3.194018209,6.735019989,23.81787126,20.12008156,12.17546831
sh000001,33584,1.65,59,4.32,7.57,32.7,20.7,20.1
sh000001,33429,0.4,22.18,4.72,18.44,31.48,18.83,2.47
sh000112,33944,0.398520585,15.8589173,3.881538487,26.72566112,26.35760273,13.79664433,5.913019741
sh000001,33248,0.65,36.29,3.08,10.82,23.39,11.47,13.37
sh000001,33410,0.47,30.2,4.12,18.3,28.85,32,6.6
sh000512,34344,0.805394295,59.93550111,2.046136264,11.7300196,22.85430735,13.1860697,14.2995066
sh000495,34327,0.694718632,37.57248802,3.320944084,14.22027213,36.00937738,24.88669142,15.22296257
sh000001,33763,0.98,52.31,3.43,14.66,26.11,15.45,8
sh000321,34153,0.62677123,38.34262619,2.833130352,16.03358551,24.43692154,18.72937442,19.38808523
sh000057,33889,0.771568257,40.78402782,2.291296586,16.50415251,36.70001718,20.78806065,11.67558045
sh000001,33806,0.19,12.21,6.07,26.11,19.21,11.41,2.2
sh000001,33273,1.06,50.43,3.84,4.3,33.54,18.53,22.57
sh000001,33660,0.85,42.38,4.78,15.87,26.93,16.22,8.6
sh000001,33296,0.71,25,3,19,32,24,11.44
sh000094,33926,0.577761471,35.66791018,5.384534667,16.02337168,38.1150428,34.94817784,10.95104596
sh000328,34160,0.682102676,26.5593521,4.759242536,33.22750559,23.82786571,19.70412717,9.572890377
sh000271,34103,0.091156874,6.382215159,5.688519186,20.34634452,17.0791924,15.63729437,0.045534183
sh000298,34130,0.823945392,37.19717223,7.292104694,35.58180598,25.46434961,15.33448382,7.058577533
sh000632,34464,0.504595686,33.91665266,3.011017771,11.94318757,30.22851481,22.6457803,4.536031474
sh000001,33571,1.32,49.41,4.22,13.37,28.02,18.45,17.4
sh000053,33885,0.707432878,24.96480282,2.503697294,37.17557022,59.23417079,26.39349404,12.86422067
sh000185,34017,0.077183614,14.56778984,8.192923047,45.40488237,31.30498929,16.15392858,2.537008742
sh000049,33881,0.458651346,22.12262864,2.746380799,37.30558048,43.33884805,30.5305609,10.79405416
sh000254,34086,1.069256993,56.82490994,2.222392855,5.008182778,27.50499077,13.87862636,18.30637108
sh000324,34156,0.447016581,33.77898016,5.742740988,13.21484775,19.01227459,13.08161943,7.495200433
sh000156,33988,0.298004079,22.14096385,2.805265837,23.70109732,25.32840776,22.76003512,3.190134677
sh000001,33289,0.69,37.37,4.01,22.22,21.77,18.27,13.84
sh000401,34233,0.103347549,9.102960852,5.517190286,21.65179,24.31051318,17.43322057,1.370535475
sh000619,34451,0.130730482,19.19364936,9.02400707,51.07325456,25.4631271,10.77083887,-0.75235624
sh000640,34472,0.321813562,19.00071895,4.174410897,7.154969064,33.29155788,24.62729076,9.993441775
sh000001,33714,0.63,32.38,3.21,34.08,31.81,18.22,8.4
sh000583,34415,0.244739172,10.59037342,5.910705385,19.97534465,29.98213977,18.01979866,2.040727426
sh000001,33448,0.52,38.1,4.83,23.3,21,25.5,6.41
sh000001,33758,1.01,44.04,2.48,9.43,28.68,22.73,7.2
sh000587,34419,0.458485739,24.10465512,4.013219868,32.98129691,28.42007702,22.40854759,9.451545178
sh000331,34163,0.948060378,50.8154384,4.430190375,14.04794548,39.65718683,26.40881068,12.96361578
sh000001,33680,0.75,39.7,2.83,18.51,21.8,13.52,14.2
sh000001,33611,0.75,40.13,3.59,23.74,35.79,24.19,10.7
sh000001,33290,0.69,46.2,2.43,7,33.94,30.95,12.45
sh000135,33967,0.584290417,43.23240434,4.133676883,35.08103493,19.73249881,20.3662647,8.383384845
sh000634,34466,0.314756893,16.909109,4.07144719,14.95234384,28.66585748,21.35914711,5.292768557
sh000537,34369,0.348680696,17.27438993,4.532407921,21.86595565,25.23592997,20.93150022,4.895776549
sh000001,33421,0.97,58.1,3.16,3.04,25.27,16.77,10.24
sh000001,33603,0.18,9.2,5.31,25.2,22.3,16.2,1.3
sh000066,33898,0.520090978,32.42044164,4.277560007,25.47386616,30.85701561,16.30992199,10.09148996
sh000614,34446,0.380423699,27.5714252,5.192893956,27.51103183,18.70512814,8.702256524,4.857850576
sh000358,34190,1.035006012,51.85322869,4.93503691,22.95567497,36.73303392,30.71768939,9.300807465
sh000507,34339,0.709614232,30.82028222,3.09948578,8.995975637,37.91551403,24.81732575,10.92350784
sh000144,33976,0.44424324,22.55996096,4.139162074,23.77069668,23.97996218,20.24882504,4.040156224
sh000001,33807,0.09,8.1,5.41,23.21,26.21,14.11,0.9
sh000077,33909,0.151983318,10.07079763,3.383656728,22.60360554,38.54488788,19.76406199,3.045046349
sh000191,34023,0.089464998,19.15026356,8.267596249,55.56545437,17.92061599,14.4584926,1.250776477
sh000001,33634,0.11,10.1,5.61,31.2,17.3,15.1,1.8
sh000001,33827,1,52.61,3.2,14.65,26.1,18.27,9.7
sh000456,34288,0.820708286,43.43079932,2.413678044,4.922737461,22.28310968,14.8161587,25.24963357
sh000635,34467,0.22085272,9.136631462,5.100293142,31.14949725,26.52400977,17.13730792,2.367181504
sh000649,34481,0.347038672,36.00440625,4.150019667,20.55795374,38.66807395,26.82908461,7.328623523
sh000260,34092,1.966166634,38.7579417,3.675144821,25.78302014,28.06016037,26.36907368,12.54672635
sh000001,33764,0.21,12.34,3.41,13.33,18.25,12.37,2.8
sh000510,34342,0.674005307,46.787365,2.500312841,8.416304047,39.2217824,21.26867336,12.89845287
sh000001,33262,0.71,41.42,2.12,4.61,34.42,28.18,15.09
sh000225,34057,0.562832931,33.43069221,5.674373306,24.95835244,32.13165393,30.70161405,6.303995261
sh000233,34065,1.198096513,38.17654088,2.989549953,19.37699269,21.3131624,15.82983222,9.611177439
sh000001,33633,0.9,38.25,5.12,48.1,37.11,27.78,20.9
sh000039,33871,1.106596838,56.86476336,5.080151172,7.864306231,25.62220573,21.94953997,18.7949555
sh000613,34445,0.09838991,16.85358911,8.249969528,57.04723807,16.25914532,13.42926223,1.036587107
sh000018,33850,0.903392085,45.8964721,2.239584974,10.62496483,25.10710085,14.46294302,16.56600062
sh000001,33233,1.1,56,4,4.7,23,19,17.79
sh000047,33879,0.628328631,35.15917431,6.308325914,16.61655895,34.30961274,37.03619,13.05311039
sh000001,33318,0.78,34.3,2.9,15.34,34,21,14.64
sh000488,34320,0.527294543,29.34513616,4.369520463,26.19287619,32.13349255,16.28676717,9.502363466
sh000001,33324,1.05,49.76,5.05,7.04,36.66,33.12,7.01
sh000580,34412,0.534470877,32.09705381,4.51327221,13.2886496,25.22309664,27.29602509,4.463417404
sh000593,34425,0.230214298,17.85349222,6.564416918,24.93292826,26.02601524,10.65127824,5.62835729
sh000001,33332,0.92,57.82,2.16,12,29.14,22,20.7
sh000001,33298,0.72,36.75,2.13,20,35.32,25.1,8.59
sh000658,34490,0.585322284,31.66543588,4.003060846,13.90795717,36.29818174,13.71013105,8.24552654
sh000001,33529,0.32,18.2,4.12,15.2,27.7,20.5,5.86
sh000001,33316,1.07,47.2,2.8,7.8,35.3,26.7,15.38
sh000591,34423,0.661784897,43.82976983,3.525812792,9.519142344,26.80030764,27.74568236,7.252075865
sh000001,33681,0.81,44.76,2.59,13.61,26.35,17.53,12.1
sh000398,34230,1.356243961,45.55070945,2.56611139,14.45230635,24.69003448,19.98801137,3.349148517
sh000445,34277,1.142083581,53.30417107,3.975609412,3.99750647,20.27990706,22.7304358,29.19104889
sh000075,33907,0.114186632,15.35270651,3.038332695,22.72002621,44.11469018,18.88424887,3.357914034
sh000500,34332,0.219646569,11.09598092,1.865595033,26.98434223,44.27027074,17.21591456,3.906837404
sh000083,33915,0.765191433,47.34858522,3.663275395,20.07558325,25.19752054,21.61960918,14.38864191
sh000001,33654,0.82,52.37,5.62,13.64,22.72,14.04,12.8
sh000041,33873,0.288314552,19.63279295,2.90410481,16.10902073,34.25751099,18.87542747,2.053427524
sh000562,34394,0.188466923,9.826721704,8.643334208,38.22119584,25.33817918,21.2663479,1.685350048
sh000001,33340,0.69,46.2,2.43,7,35.44,29.95,15.44
sh000317,34149,0.908398187,41.30603658,4.221963525,37.59591314,20.48846931,20.50812992,19.0566109
sh000524,34356,0.645288439,32.19805182,3.549725838,12.14792695,30.65907158,26.56399112,4.723096718
sh000001,33501,0.36,29.6,5.59,26.7,22.4,18.5,4.1
sh000452,34284,0.760889581,43.80111857,1.468636006,5.478207006,19.35021375,22.3598068,22.11943247
sh000397,34229,1.257798663,61.0962626,3.993566316,8.6401059,18.28195196,12.94229093,8.894744337
sh000001,33381,0.34,16.8,2.72,13.46,32.4,21.2,5.76
sh000096,33928,0.962951535,50.72091109,3.004843873,4.989360194,36.89307637,21.54044415,10.80943365
sh000001,33385,0.31,19.77,5.24,30.08,33.4,16.12,5.75
sh000001,33617,0.07,5.2,3.51,19.2,15.3,11.2,0.23
sh000001,33333,0.11,13,3.12,23,41.3,18,1.9
sh000001,33494,0.5,29.42,4.12,12.44,39.24,25.41,10.21
sh000464,34296,0.814958732,33.84205996,2.324688199,16.07068112,36.59814932,22.35871241,13.84571741
sh000001,33420,0.58,42.2,4.2,34.8,17.24,20,9.6
sh000001,33485,0.24,26.7,3.24,26.7,29.7,16.7,3.35
sh000388,34220,0.132555948,8.926459214,5.191769577,24.62214091,22.3861042,15.18044347,-0.36456888
sh000453,34285,0.651987386,34.17606339,2.49640239,7.157504523,25.72327654,16.64589324,17.49133272
sh000001,33312,0.7,26,2.45,19.1,32,18.1,11.44
sh000001,33791,2.56,43.94,4.15,18.75,97.14,71.12,11.5
sh000001,33730,0.12,11.12,5.99,28.21,17.31,15.14,1.9
sh000514,34346,0.804850793,37.82315921,2.291901839,16.02958371,37.6714864,24.70751077,14.57113139
sh000001,33676,0.84,45.36,2.33,13.44,25.34,14.53,12
sh000406,34238,1.198360232,56.31947144,2.645126881,8.628674908,31.04587546,17.14094703,11.84641267
sh000657,34489,1.110249279,54.19690165,4.227156288,17.60268005,24.15621344,17.8411686,16.57419539
sh000556,34388,0.194599821,6.848782565,3.736815079,28.52196601,33.25829182,37.52027424,4.667427832
sh000001,33679,0.6,39.96,2.48,6.78,24.88,15.24,10.2
sh000001,33353,0.75,51.2,4.03,18.7,27.7,21.2,15.46
sh000230,34062,0.411464329,36.04866654,3.229398155,22.99282264,31.03447642,26.93674171,8.49368941
sh000589,34421,0.148133047,10.16541694,8.156939538,26.37209388,23.15472774,21.61519218,1.1607906
sh000404,34236,0.192296222,9.955393848,6.109337207,25.20626612,21.78263701,14.34488073,1.725643691
sh000001,33547,0.43,26.93,7.34,17.36,25.95,20.04,5.07
sh000001,33669,0.38,20.25,5.11,23.29,27.91,24.11,4.1
sh000340,34172,0.899031509,46.31575892,3.972698555,10.45012164,24.81084459,16.84889528,16.37421101
sh000316,34148,0.829836904,42.85282941,2.657551676,13.81207295,26.15270996,15.78883745,11.96128027
sh000509,34341,0.209060178,11.83512491,1.843654871,27.51268697,43.63508133,20.84964374,8.579691616
sh000070,33902,0.705155659,34.60462671,2.974061233,15.47644996,30.13115535,24.91667638,14.73015661
sh000262,34094,1.17069559,43.74867638,4.14565877,18.17767427,26.38445507,16.09274032,10.42049898
sh000527,34359,0.296177994,14.854288,3.405942077,34.2675429,25.1837374,21.67974553,11.00255768
sh000357,34189,0.202493582,14.91921646,7.259275048,33.76770851,19.56374218,14.05144558,3.427857988
sh000664,34496,1.298319086,48.60924668,4.1700769,12.8825389,25.19559114,18.58243303,14.92223204
sh000001,33765,0.77,35.45,2.57,19.33,29.14,15.22,6.2
sh000001,33745,1.07,44.79,3.47,8.5,33.52,29.08,9.8
sh000213,34045,0.223920133,9.819333148,4.956837795,31.96701198,22.51877537,19.92819292,1.790976009
sh000606,34438,0.195161251,18.27700086,3.06672659,26.4308336,26.55179641,19.88925814,5.466312749
sh000641,34473,0.471906372,27.35232641,2.738456066,13.6399948,34.1139736,20.98213382,5.925647219
sh000001,33245,0.45,28.99,5.48,6.43,19.31,18.02,14.94
sh000001,33388,0.65,37.47,4.32,10.29,30.9,19.44,3.79
sh000001,33360,0.44,27.5,3.8,15.2,33.8,16.6,5.77
sh000001,33805,0.51,30.11,3.41,28.01,29.41,20.82,6.9
sh000001,33560,1.2,39.22,3.01,18.22,22.5,18.5,10.7
sh000001,33672,1.07,54.38,3.47,7.13,32.08,22.1,15.2
sh000639,34471,0.200237753,11.29561494,5.180367233,22.25422588,33.07813346,44.16504533,6.317876522
sh000592,34424,0.75644884,32.1708346,2.876119766,35.68948871,34.28006208,25.42462429,5.970746444
sh000001,33588,0.58,30.01,4.22,33.44,45.07,33.11,13.6
sh000243,34075,0.631796986,30.85675177,4.155713648,15.39660427,30.29272847,13.41378459,8.920599233
sh000469,34301,0.593054079,33.52388307,6.333538176,16.61429434,39.67981513,35.29418992,12.88178322
sh000001,33347,0.71,32.37,3.12,9.8,38.25,21.84,9.79
sh000023,33855,1.164471893,50.17973294,3.901880273,6.34929248,21.43117768,23.98051803,30.17362312
sh000390,34222,0.783820781,45.35307485,2.992324071,10.18460293,18.16408745,11.15054202,9.421223243
sh000140,33972,0.15789738,8.775188679,8.700676298,37.10318388,25.73495523,19.4593902,-1.061202365
sh000274,34106,1.058379746,55.53167339,3.542840965,6.570039552,23.63062715,15.93798145,14.50964191
sh000544,34376,0.290621729,16.76566609,3.056326517,33.32837209,25.75488556,21.79738363,5.642469668
sh000001,33336,0.23,21.3,3.01,18,38,12,3
sh000001,33270,1.14,57.48,3.11,7.2,23.05,19.85,22.56
sh000399,34231,0.908496103,33.55653294,3.243867557,63.65860055,44.14732038,27.89591505,3.729721477
sh000001,33459,0.21,19.11,7.2,29.5,23.12,11.4,2.68
sh000001,33820,0.7,36.54,2.42,9.72,17.13,14.09,9.4
sh000203,34035,0.540163625,31.32660927,2.994082952,14.76683308,18.96639392,23.72204755,7.424717512
sh000356,34188,0.093292844,10.49627788,5.22864225,22.34536337,27.81898587,15.13807982,2.312331036
sh000001,33809,0.09,9.11,5.22,23.21,23.21,12.91,1
sh000001,33354,0.82,58.8,2.1,12,24,14.2,16.25
sh000224,34056,0.446036523,27.82406992,7.328330296,18.17582212,24.24044151,18.13005672,6.672992112
sh000137,33969,0.413485334,27.40755341,5.19713186,27.62375701,23.56431911,15.93539404,4.52373823
sh000270,34102,1.037094852,51.45083484,3.401297375,6.373698396,26.43982278,14.42577336,15.4739634
sh000001,33645,0.62,20.79,5.52,37.34,13.26,12.56,5.8
sh000179,34011,0.420163026,26.15382467,5.404179101,28.83637416,19.49513826,14.39554759,1.509778513
sh000534,34366,0.396500696,18.38561737,3.963872309,23.07326652,26.86738807,11.40873183,5.716222682
sh000278,34110,0.067486531,8.211898845,4.585556333,23.61794466,15.54638519,13.03024887,1.098171916
sh000001,33738,0.11,9.1,5.31,21.21,25.31,15.13,1.1
sh000382,34214,0.909853238,51.44760893,3.822245274,15.02432435,17.70592126,17.11148382,10.43953657
sh000001,33548,0.54,32.18,5.74,25.21,31.04,28.72,6.13
sh000001,33511,0.31,27.98,6.79,31.22,31.6,21.2,4.75
sh000237,34069,0.104430786,15.72387391,8.139865618,38.67902291,17.91559675,8.288553421,2.098214763
sh000060,33892,0.678462263,23.7302583,2.479246867,18.57106555,31.44639963,18.57247212,9.07930258
sh000001,33276,0.69,35,3.5,19,22,19,13.71
sh000001,33644,0.36,15.79,4.56,44.62,21.54,13.46,4.3
sh000490,34322,1.032454027,50.66759255,5.134091033,6.559159714,34.86925254,34.54209912,8.393410437
sh000001,33828,0.36,29.3,3.21,18.91,24.22,17.74,3.3
sh000432,34264,1.244052811,59.39152968,5.364653067,6.842460361,35.23117135,17.32809603,19.97365222
sh000344,34176,0.806270779,39.28746851,4.036027512,30.33096997,33.58506171,26.8296662,13.28331027
sh000068,33900,1.063666357,51.63087329,4.995348541,8.290123662,34.71212982,30.82039915,6.11282981
sh000001,33772,0.65,32.62,3.98,14.8,22.07,16.7,8.1
sh000655,34487,1.203729419,41.07615097,3.07017964,19.61424663,21.97398016,18.55923703,12.12015443
sh000492,34324,0.677188097,32.70159685,3.009190365,14.15613726,32.54767208,20.10298254,12.592289
sh000001,33240,1.24,60.23,5.33,8.41,32.75,18.65,19.21
sh000687,34519,1.159527484,48.38283157,4.648536063,15.05893865,23.41514934,24.74347825,10.60883328
sh000001,33787,0.87,39.75,1.87,19.28,29,15.49,7.4
sh000517,34349,1.157808815,64.18584873,2.442903201,5.988436231,18.69369542,13.64948612,25.47934902
sh000052,33884,0.656298745,30.0816954,2.705039802,19.75158518,37.59831123,25.84527418,12.59303681
sh000001,33557,0.51,29.29,2.87,13.34,30.45,26.27,5.6
sh000498,34330,0.246700995,21.67409842,2.921238739,17.11678751,36.79568814,10.46556218,4.311516216
sh000646,34478,0.434473635,25.37771301,7.424245111,17.77186213,24.54948553,19.37210257,6.432400075
sh000679,34511,0.661956605,39.77985781,4.494934347,32.62840722,38.53231471,34.91595321,11.27347746
sh000354,34186,0.11559682,14.33753915,6.705581688,28.30490727,17.33151366,14.02674879,3.990216114
sh000001,33695,1.01,53.08,2.88,11.89,27.95,14.21,16.6
sh000214,34046,0.35703822,23.99625637,1.64338621,9.799746327,33.96468092,16.44236504,6.932637079
sh000007,33839,1.483612613,56.41503443,2.653729074,3.87851029,26.63823303,19.0322995,19.29447604
sh000293,34125,0.432781897,25.74369699,6.090893807,17.99362906,25.4439094,25.86613104,6.036546403
sh000001,33518,0.53,30.63,3.08,14.06,19.89,20.99,9.27
sh000582,34414,0.292192182,13.14711114,5.070860147,22.97447135,23.50330532,16.67875396,0.432062041
sh000561,34393,0.6401987,40.78783309,5.14568817,6.219885738,25.13230557,10.83215566,12.38118914
sh000162,33994,0.636988636,39.82583928,3.488085595,9.554965009,22.70765537,28.55540345,10.48841428
sh000268,34100,0.201843762,9.944848767,5.299886406,24.95594566,24.08796221,13.59850448,-0.567858649
sh000200,34032,0.289417208,28.4141199,6.845339717,31.250949,30.14611711,21.9712209,2.575707709
sh000478,34310,0.726896182,29.51577319,2.185050459,20.74516721,39.76954125,32.1477738,7.353310052
sh000001,33553,0.45,35.11,3.22,20.11,38.25,27.88,5.6
sh000001,33799,0.92,31.42,3.34,63.8,42.34,30.05,4.2
sh000001,33400,0.51,31.2,4.48,15.12,24.47,19.41,7.18
sh000001,33487,0.21,16.2,3.12,25.7,26.3,18.9,4.39
sh000056,33888,0.689924266,33.07509972,2.2016814,18.61441038,39.55059762,34.30549579,5.971424948
sh000001,33255,0.88,46.4,5.65,9.8,45.91,23.92,30.1
sh000621,34453,0.474909442,41.49375704,2.796324067,26.74376597,34.54375784,25.90586904,4.578205857
sh000279,34111,0.770288756,40.49299628,3.39728771,9.453945253,27.58148056,19.18917177,17.88223955
sh000115,33947,0.307850722,14.49307815,4.341301867,23.26419361,24.57156521,21.08455071,7.294115034
sh000673,34505,1.628868641,57.08202898,4.286386503,9.332790627,29.82817055,22.45115384,21.52861605
sh000588,34420,0.305001963,24.59610326,4.920111387,26.32507487,25.03118417,19.40261356,6.154759193
sh000164,33996,0.197895338,21.04752381,7.149777683,29.39229431,22.380336,13.81731555,1.789208111
sh000001,33709,0.58,17.8,3.56,32.33,37.96,27.39,8.2
sh000329,34161,0.985469038,52.59924086,6.281313101,20.53399539,19.9247981,14.13115151,16.81704918
sh000001,33413,0.4,21.8,6.13,22.8,27.8,19,5.2
sh000001,33303,0.69,26.19,2.49,37.57,61.51,24.09,10.68
sh000216,34048,0.344182816,18.7609261,4.239545286,8.976541484,28.54959508,19.0075545,12.15086499
sh000001,33228,0.59,31.78,6.07,10.35,30.18,24.93,8.54
sh000141,33973,0.199871226,14.02277534,6.045942497,63.81171324,22.44894769,18.15189615,3.32963786
sh000446,34278,0.751840248,42.34491426,2.66490494,6.448901167,43.9294132,30.14864712,13.50420082
sh000001,33361,0.6,35.4,5.4,16.79,36,32,12.77
sh000181,34013,0.454813157,29.19037875,3.203919569,11.59340146,31.78064285,22.40141334,7.367064403
sh000280,34112,0.093049799,5.388382094,4.861450163,21.61552835,14.68921178,10.88346681,0.826494736
sh000001,33403,0.37,19.09,7.23,39.96,40.22,30.15,4.92
sh000506,34338,0.670048508,25.48727432,2.538614794,34.5687461,48.95419885,22.65926034,7.86799547
sh000001,33683,0.33,17.21,5.01,21.19,27.41,18.11,4
sh000596,34428,0.186913566,16.85978802,5.578834693,32.775458,25.07361383,19.62859719,0.14277976
sh000595,34427,0.554864308,34.3486979,4.202494248,12.58339873,25.41285199,23.63863976,6.431162386
sh000001,33246,1.02,45.67,3.55,8.7,22.8,19.31,14.19
sh000022,33854,0.364968656,20.839525,3.152687024,11.75000744,38.05729061,17.28074714,5.248660334
sh000001,33652,0.84,50.62,1.8,3.82,23.96,19.82,10.6
sh000158,33990,0.562150934,33.82622729,4.421303854,14.74587195,25.59240025,29.87466855,3.886280672
sh000028,33860,0.712227093,38.22585459,1.966028054,5.405607035,24.81890242,13.63325312,20.6708347
sh000001,33564,0.12,16.2,8.2,39.4,16.11,11.2,1.2
sh000391,34223,0.874807169,40.46201757,1.857473906,18.33659962,31.42305851,14.55625055,8.324756938
sh000055,33887,1.053166271,50.61275887,3.019833617,7.788462046,32.72635966,26.07838724,15.93970651
sh000410,34242,0.660411456,33.32143858,3.735219203,10.98208761,15.46220618,10.65176042,8.292818701
sh000001,33402,0.52,32.2,4.7,18.1,26.45,17.4,7.02
sh000651,34483,0.690545104,32.78386614,6.449920382,21.09240259,49.11241185,22.59211072,14.21021526
sh000001,33464,0.13,12.3,8.2,24.4,24,22.3,1.01
sh000284,34116,0.20647684,16.53181865,7.543209743,32.77088275,17.5127054,13.93323906,1.743191633
sh000001,33792,1.09,41.99,2.16,18.6,40.11,31.86,3.3
sh000051,33883,0.709689007,28.237358,3.000783788,8.851733964,32.56309503,23.44896231,15.40762198
sh000015,33847,0.964246639,50.41953523,2.00928398,5.790127489,30.08497642,17.93245317,22.2332102
sh000105,33937,0.303197949,18.71202185,3.355259567,32.23236293,23.79185593,16.29088929,9.421828981
sh000001,33281,1.12,55,5.1,6,25.1,19.2,18.45
sh000001,33715,0.88,45.64,3.97,12.08,24.22,16.49,14.4
sh000312,34144,0.98251406,53.47884026,2.748404976,10.25608497,26.03697317,13.15902609,15.08988287
sh000486,34318,0.774889912,31.94744948,2.904114034,15.16589982,33.49836443,23.45846222,16.12832518
sh000001,33247,0.94,51.2,2.05,4.1,28.72,18.96,24.5
sh000033,33865,1.046364288,52.55490508,3.774425164,2.3675656,34.72498504,17.03156423,23.76783067
sh000269,34101,0.751265479,40.5222902,3.502629761,24.07467196,34.96964041,26.29646055,12.01711818
sh000001,33304,0.42,22,3.3,22,34.3,19,6.38
sh000209,34041,0.387336562,23.2844104,3.39796356,12.42713666,31.09127594,10.87108221,8.770037774
sh000362,34194,0.871417018,49.90688568,2.524377158,3.444981436,30.79975374,14.63584693,7.010777361
sh000394,34226,1.065126944,41.48447168,2.165695358,19.6826985,41.43919727,32.45966035,2.531226292
sh000118,33950,0.411981141,14.89992757,2.48524743,26.1619064,19.38120038,27.53196056,3.131028838
sh000001,33480,0.4,27.12,5.41,29.46,20.17,12.43,3.47
sh000001,33777,1.65,49.83,4.07,12.24,25.15,19.17,10.3
sh000630,34462,0.308666385,18.21297423,3.196389023,23.72192557,34.64336529,17.11024199,3.485202834
sh000001,33732,0.41,26.18,2.55,56.05,61.99,32.06,5.9
sh000161,33993,0.206483795,11.7860691,5.909014078,18.50138419,30.81492987,19.09823517,0.519290936
sh000450,34282,0.69361764,36.18182666,1.977944263,6.791078909,21.94905976,12.69760029,18.18342946
sh000001,33749,0.25,13.04,3.44,15.97,18.05,11.17,3.5
sh000476,34308,0.412735185,19.64523118,3.363596764,22.57411794,35.49507555,18.03182335,6.332061124
sh000001,33445,0.67,33.95,3.95,17.96,29.85,21.78,6.08
sh000282,34114,0.305348033,19.37746059,7.594087283,40.84763753,16.7699015,12.88653713,8.471836745
sh000602,34434,0.175544574,22.67619078,8.726634923,34.25751082,29.85684216,22.62800442,4.276854391
sh000001,33288,0.82,35,2.28,16.05,34.69,23.53,16.15
sh000001,33451,0.54,32.39,4.49,14.04,25.87,26.99,5.13
sh000001,33723,0.85,47.18,3.7,12.16,23.91,13.74,5.5
sh000001,33590,1.06,50.09,6.02,12.46,27.94,17.11,18.6
sh000001,33500,0.39,27.2,4.2,11.2,22,15.3,4.97
sh000653,34485,0.357216327,30.36812873,3.781297037,22.20052539,37.6236974,31.01657008,7.127891474
sh000594,34426,0.594572932,33.43106403,3.644550753,36.27941906,26.98671956,23.56947447,7.093375701
sh000623,34455,0.107226141,6.941873242,6.460086066,58.57469282,22.80949766,18.24666593,1.203984661
sh000001,33602,0.56,32.79,4.28,41.25,31.29,23.16,8.5
sh000001,33757,1.08,59.91,3.03,4.66,26.02,16.75,8.9
sh000363,34195,0.26829385,13.8759443,3.345106433,16.58446687,16.56299736,8.38414624,1.113787762
sh000669,34501,0.874554716,48.94122603,6.07584121,42.89649749,29.80681548,14.92361677,6.829092102
sh000001,33535,0.33,21,4.2,7,27,20.8,10.27
sh000001,33595,0.23,14.79,8.52,32.66,16.53,11.46,3.3
sh000256,34088,1.118559567,40.75028667,4.562272255,26.48398131,49.26812683,40.32437992,9.074142067
sh000001,33623,0.22,13.79,6.58,31.22,17.82,12.46,3.3
sh000069,33901,0.701399084,35.01649248,4.111761041,18.24356747,24.83417521,17.99950761,12.741384
sh000265,34097,1.126086563,48.16815028,4.57639192,14.37158579,22.44805071,23.37806616,8.29980031
sh000001,33506,0.12,16.7,8.97,49.6,24.4,11.1,0.65
sh000522,34354,0.674110705,46.15363302,2.658537128,8.132463754,33.34917606,25.72750982,12.10388305
sh000001,33612,1.03,52.19,3.39,7.44,27.1,15.34,15
sh000001,33414,0.45,27.67,4.22,22.16,28.7,22.9,6.09
sh000001,33569,1.06,52.15,3.86,8.77,25.28,18.49,23.2
sh000652,34484,0.39400256,36.32192188,3.104833097,26.25830299,31.77722206,28.93983641,8.32230301
sh000001,33457,0.63,38.43,3.52,9.19,25.04,28.75,8.67
sh000487,34319,0.391126236,20.07700722,3.138947798,13.64133189,30.83568322,26.39611667,7.170717233
sh000063,33895,0.712179414,39.74453581,4.008274106,22.12703244,19.19431522,21.14436274,13.80523072
sh000001,33753,0.98,58.06,2.35,29.21,23.57,14.99,9.5
sh000001,33716,0.23,14.89,6.41,31.11,18.12,14.16,3.5
sh000143,33975,0.819974497,42.35889116,4.415992191,17.88717049,37.53402838,24.80308393,7.412189299
sh000532,34364,0.316318901,17.32863744,5.184054479,28.62879527,33.5120565,17.63994831,5.731288436
sh000001,33366,0.65,31.6,2.55,20.19,34,30.2,8.42
sh000435,34267,0.467750669,26.71901057,5.457706473,5.405355388,19.63536296,19.53005541,14.53642495
sh000150,33982,0.85764311,44.40422921,3.303371957,9.649396414,30.88948242,21.9467583,5.308979373
sh000633,34465,0.238868262,12.63326865,4.64430623,25.24563315,38.7014693,19.82695557,2.874979109
sh000058,33890,0.464456491,27.66324896,3.458027389,13.80902123,32.38890589,20.28421672,6.341774149
sh000515,34347,0.4463469,28.16148885,3.750848654,15.77168569,36.33498893,17.81542791,3.295424917
sh000374,34206,0.215662074,9.980086187,3.508358216,13.27213067,20.58086721,9.416040086,2.625531319
sh000001,33609,1.15,56.87,3.31,6.13,22.22,17.64,18.7
sh000001,33784,0.14,9.1,5.21,23.21,24.31,16.21,1
sh000691,34523,0.759313312,41.82357185,3.592443094,21.87906515,33.17294581,23.46334118,13.0587482
sh000173,34005,0.520743661,34.39024386,4.312740719,11.26989985,27.68035164,22.19638397,6.253496772
sh000001,33674,0.69,38.2,7.41,14.24,21.19,14.75,9.8
sh000396,34228,0.608685445,34.09379075,1.614326331,14.65095681,22.86230619,19.26773008,5.790911092
sh000365,34197,1.527521032,57.30879632,5.005325442,6.514613781,36.29592094,17.31919879,12.78961253
sh000542,34374,0.404106413,23.20872319,8.32369906,33.84347313,36.45561379,24.84435663,3.381363148
sh000001,33546,0.35,14.2,4.25,18,31.2,28,5.36
sh000001,33294,0.23,13.83,1.82,29.82,49.24,18.95,7.68
sh000024,33856,0.781384278,43.19818775,2.758806098,6.141522603,42.64342753,31.65265237,13.99189835
sh000001,33283,0.28,18,3,15.1,32,18,2.76
sh000097,33929,0.63302471,31.51769472,2.585645009,18.39687679,32.10093009,30.36988053,7.645635681
sh000289,34121,0.364586179,16.98751877,4.481678401,46.28382465,24.1554973,14.91534552,6.572897685
sh000499,34331,0.126841767,13.27030757,3.213109789,23.87746072,35.68642521,18.16595527,0.335567876
sh000564,34396,0.420014565,21.41794,4.794184412,17.05402074,28.60785919,19.42809424,4.517337348
sh000001,33466,0.67,45.43,3.52,9.19,28.04,28.75,8.08
sh000536,34368,0.362487354,15.77955917,3.180232193,17.03488148,23.90847344,15.74667146,5.13233182
sh000249,34081,1.161337992,40.04630824,5.094696358,22.79965829,22.23480831,18.01631147,9.8630678
sh000001,33647,1.34,60.08,2.64,8.11,38,24.35,18.6
sh000125,33957,0.36463257,15.91069657,7.377160827,19.3912541,26.53228276,18.1340523,2.27100303
sh000155,33987,0.49739183,38.84179883,4.76357668,25.00814048,20.47261573,28.37079244,6.617250529
sh000548,34380,0.354860263,18.50809146,5.18392656,13.40851473,26.34239286,16.56265232,4.421762048
sh000174,34006,0.156286959,17.62432864,5.48919939,31.54940349,25.44374027,19.42348638,4.267612683
sh000001,33718,0.53,24.19,3.87,39.72,23.85,15.41,6.3
sh000001,33687,0.48,17.2,4.46,24.33,34.96,24.49,6.2
sh000001,33779,0.63,37.46,3.75,8.5,31.52,23.8,12.1
sh000491,34323,0.723515136,38.95359863,4.092289875,15.40263798,24.1707738,20.15962595,15.39220376
sh000001,33267,0.82,42.26,1.87,3.33,23.47,24.15,23.63
sh000313,34145,0.849289694,43.1162022,2.360853221,14.36206473,25.11710993,16.58047316,11.00003874
sh000503,34335,0.141731141,12.87619707,3.275109525,24.02139139,39.30123583,19.02655041,2.082792672
sh000001,33371,0.69,46.7,2.6,9,34.6,28.2,12.56
sh000074,33906,0.897102784,55.64500777,2.080287579,13.27282038,31.21463474,22.18234638,18.40668931
sh000001,33689,0.35,19.21,4.51,12.91,24.11,15.11,4.5
sh000001,33555,0.4,37.79,3.2,24.32,32.75,27.28,7.5
sh000217,34049,0.203773163,14.55465884,5.031101764,20.42300537,34.50072607,42.39092745,3.939716839
sh000001,33504,0.69,45.7,2.8,12.07,38.3,24.4,10.11
sh000001,33592,0.66,38.02,4.44,33.44,41.07,32.11,13.3
sh000001,33585,0.23,9.6,5.11,29.2,22.7,18.2,1.9
sh000615,34447,0.411270397,27.31623242,4.146921308,9.465590107,21.87391577,16.08142707,7.086214034
sh000299,34131,0.787126577,34.92911805,14.2188725,45.03550126,29.59209389,21.50750244,9.147151598
sh000222,34054,0.463459631,33.01164514,4.946728827,6.761004742,29.36883472,27.03717831,8.983296955
sh000193,34025,0.393181274,25.17352515,4.242560585,12.39727256,23.58243906,17.85570791,5.673355382
sh000001,33589,1.06,57.85,2.2,5.2,29.46,14.53,16.3
sh000315,34147,0.763934417,39.25668786,2.827310758,19.89695846,19.62371093,13.33657422,11.91297334
sh000586,34418,0.186303063,16.82454208,7.167942163,30.73635367,23.09556956,14.04646088,0.901395384
sh000061,33893,0.434412307,20.40523299,2.740460985,13.98343371,34.73643424,26.47005263,6.510311418
sh000386,34218,0.313576547,20.98405574,4.083374477,23.61525711,55.50826558,39.92300783,2.682188828
sh000467,34299,0.718689857,30.23947179,3.173143866,9.202643739,35.43974907,21.90389199,8.999670485
sh000001,33667,0.76,39.68,19.19,53.87,32.86,26.72,10.2
sh000002,33668,0.677188097,32.70159685,3.009190365,14.15613726,32.54767208,20.10298254,12.592289
sh000003,33669,0.702512948,34.1513598,3.413918497,14.74114533,28.20127437,22.07685796,10.79594584
sh000004,33670,0.229290403,14.81383256,1.777244527,31.27490216,43.73117278,14.1006249,6.312126508
sh000005,33671,0.694718632,37.57248802,3.320944084,14.22027213,36.00937738,24.88669142,15.22296257
sh000006,33672,0.911296636,57.95605815,2.187476951,13.64529872,28.29388021,21.77071835,22.4674426
sh000007,33673,0.119189576,12.55389361,3.204849021,21.61203546,40.32756247,20.1965612,4.122371481
sh000008,33674,0.246700995,21.67409842,2.921238739,17.11678751,36.79568814,10.46556218,4.311516216
sh000009,33675,0.126841767,13.27030757,3.213109789,23.87746072,35.68642521,18.16595527,0.335567876
sh000010,33676,0.219646569,11.09598092,1.865595033,26.98434223,44.27027074,17.21591456,3.906837404
sh000011,33677,0.693350664,40.49666806,3.946065244,22.07033395,22.68868442,15.51615396,14.23573264
sh000012,33678,0.714328838,46.05602994,2.517391292,6.6379254,35.49005279,30.05221629,14.8735357
sh000013,33679,0.141731141,12.87619707,3.275109525,24.02139139,39.30123583,19.02655041,2.082792672
sh000014,33680,0.210322453,18.21563721,4.050025767,18.95535229,35.18760445,20.64983952,0.778950144
sh000015,33681,0.765077453,49.70756703,3.618956389,19.91171966,26.36355609,20.5016945,15.01561627
sh000016,33682,0.670048508,25.48727432,2.538614794,34.5687461,48.95419885,22.65926034,7.86799547
sh000017,33683,0.709614232,30.82028222,3.09948578,8.995975637,37.91551403,24.81732575,10.92350784
sh000018,33684,0.89482949,54.51099549,3.794935811,23.48332786,24.11489349,16.99147094,20.92826444
sh000019,33685,0.209060178,11.83512491,1.843654871,27.51268697,43.63508133,20.84964374,8.579691616
sh000020,33686,0.674005307,46.787365,2.500312841,8.416304047,39.2217824,21.26867336,12.89845287
sh000021,33687,0.763495281,51.65293974,4.001134992,17.77714375,26.64869435,23.88099613,14.76234758
sh000022,33688,0.805394295,59.93550111,2.046136264,11.7300196,22.85430735,13.1860697,14.2995066
sh000023,33689,0.917574275,50.84647364,3.079322344,8.104504948,33.36843337,21.82395899,17.95122598
sh000024,33690,0.804850793,37.82315921,2.291901839,16.02958371,37.6714864,24.70751077,14.57113139
sh000025,33691,0.4463469,28.16148885,3.750848654,15.77168569,36.33498893,17.81542791,3.295424917
sh000026,33692,0.589798667,35.36194377,5.46973866,16.11704026,36.22087642,33.00925877,10.82946425
sh000027,33693,1.157808815,64.18584873,2.442903201,5.988436231,18.69369542,13.64948612,25.47934902
sh000028,33694,0.978449482,49.23983567,3.066753814,5.338735716,34.88272879,20.09313782,14.61870215
sh000029,33695,0.673531557,31.52600919,2.577880424,22.18585449,32.3622667,27.54762332,7.396911085
sh000030,33696,0.637198176,29.888917,4.403482913,24.94113402,34.71692322,17.43127301,10.10347244
sh000031,33697,0.705855027,36.97743459,3.408960373,10.63951465,38.71680577,17.98664436,14.11327868
sh000032,33698,0.674110705,46.15363302,2.658537128,8.132463754,33.34917606,25.72750982,12.10388305
sh000033,33699,0.349982627,16.41992236,4.587743041,30.4349699,25.51300693,23.32087191,9.599656581
sh000034,33700,0.645288439,32.19805182,3.549725838,12.14792695,30.65907158,26.56399112,4.723096718
sh000035,33701,0.341807733,17.98990881,2.761601476,23.71933237,32.62926139,24.46720186,4.250399262
sh000036,33702,0.067674747,3.359352883,2.414317114,6.470577021,48.50029922,20.35838889,2.91389101
sh000037,33703,0.296177994,14.854288,3.405942077,34.2675429,25.1837374,21.67974553,11.00255768
sh000038,33704,0.488489472,28.04018539,5.730283849,24.8070504,42.50996114,35.80212926,5.577609334
sh000039,33705,0.036203243,4.28200086,2.318783407,58.14546245,75.07546008,51.80702826,4.906514932
sh000040,33706,0.340850577,14.55052778,2.732287387,14.24086162,34.14585542,19.11249675,8.230730322
sh000041,33707,0.153898435,7.040408128,2.37480533,13.91331481,14.53592532,11.01883227,4.003081198
sh000042,33708,0.316318901,17.32863744,5.184054479,28.62879527,33.5120565,17.63994831,5.731288436
sh000043,33709,0.397717707,15.22126412,6.242985097,22.57602576,14.61118639,17.51590447,0.79714886
sh000044,33710,0.396500696,18.38561737,3.963872309,23.07326652,26.86738807,11.40873183,5.716222682
sh000045,33711,0.62881048,35.03980857,4.368569056,8.472687565,28.59425268,17.95025387,4.88410438
sh000046,33712,0.362487354,15.77955917,3.180232193,17.03488148,23.90847344,15.74667146,5.13233182
sh000047,33713,0.348680696,17.27438993,4.532407921,21.86595565,25.23592997,20.93150022,4.895776549
sh000048,33714,0.298513764,18.81434592,3.28994761,20.69286916,58.14134752,17.18906255,6.615234433
sh000049,33715,0.280029196,13.0392977,7.449426824,20.16249255,22.93317637,21.17279414,4.205035868
sh000050,33716,0.392288581,17.81219904,2.423648676,25.17799403,21.34502168,30.43976196,3.959946442
sh000051,33717,0.336903555,24.23107988,3.644062962,24.2564055,25.7822795,19.46845779,0.083566637
sh000052,33718,0.404106413,23.20872319,8.32369906,33.84347313,36.45561379,24.84435663,3.381363148
sh000053,33719,0.509930327,29.27302739,4.480948664,16.4409543,24.29637935,16.66266055,6.287037029
sh000054,33720,0.290621729,16.76566609,3.056326517,33.32837209,25.75488556,21.79738363,5.642469668
sh000055,33721,0.519704757,31.13643004,4.663107513,18.62807163,25.26352833,17.8535316,7.071047959
sh000056,33722,0.360965766,20.64085632,7.165425524,39.49525385,40.44597081,30.88492274,3.60789561
sh000057,33723,0.359295332,17.54213745,7.469914171,17.90921293,29.16923928,21.51747821,2.990844727
sh000058,33724,0.354860263,18.50809146,5.18392656,13.40851473,26.34239286,16.56265232,4.421762048
sh000059,33725,0.404551516,24.51519224,3.479297464,19.58083707,36.23570142,18.90670478,4.773707362
sh000060,33726,0.546496619,29.65179443,3.393524873,30.63218694,19.70869727,21.27908495,2.241684172
sh000061,33727,0.479260237,27.76177848,4.036484347,16.57678565,31.61407054,33.12669006,7.980083175
sh000062,33728,0.406217914,19.37529171,6.054478594,22.62873569,24.98762973,16.90935525,5.93330462
sh000063,33729,0.439431917,26.39343648,4.204694351,23.05125296,26.99775719,22.89141691,5.668815924
sh000064,33730,0.522903033,27.7298791,3.188589133,17.46516801,17.36563143,18.17319937,2.87433003
sh000065,33731,0.515732937,26.43105455,4.866456588,18.29177988,21.25935302,27.99206421,2.136525267
sh000066,33732,0.194599821,6.848782565,3.736815079,28.52196601,33.25829182,37.52027424,4.667427832
sh000067,33733,0.56012576,44.29559462,4.193005718,33.19283413,15.87104231,19.33759892,7.752693604
sh000068,33734,0.99410269,59.06728363,3.193113883,1.85348978,27.16941125,15.3144318,8.313560603
sh000069,33735,0.406638649,26.77929619,5.224555252,27.79373458,24.10460667,15.6042704,2.397362457
sh000070,33736,0.426964678,21.70733546,3.472726622,17.6751131,28.64258005,23.23881088,4.570696323
sh000071,33737,0.6401987,40.78783309,5.14568817,6.219885738,25.13230557,10.83215566,12.38118914
sh000072,33738,0.188466923,9.826721704,8.643334208,38.22119584,25.33817918,21.2663479,1.685350048
sh000073,33739,0.207974404,12.00955935,5.950136961,65.13961872,23.3466464,17.11182842,1.098923489
sh000074,33740,0.420014565,21.41794,4.794184412,17.05402074,28.60785919,19.42809424,4.517337348
sh000075,33741,0.839889296,43.96680429,4.335782772,16.09980614,34.49240949,25.36212033,7.993993848
sh000076,33742,0.463898484,20.45113019,4.167052653,23.66866403,27.92732367,15.8642034,5.861320486
sh000077,33743,0.536988717,29.31830766,3.76914788,19.01660242,27.40868877,19.51281042,4.256255018
sh000078,33744,0.616252115,34.54018021,4.836038664,14.27368722,22.27438544,29.81625776,3.967345652
sh000079,33745,0.641027437,34.76465486,2.740954249,5.728254526,31.53982018,18.05987278,4.316039486
sh000080,33746,0.473800397,20.7399696,3.656497244,17.9280628,26.96553392,20.56175883,6.109311618
sh000081,33747,0.368392526,17.36144941,5.040785911,23.53743553,22.80524147,21.91245601,3.359721432
sh000082,33748,0.845214598,44.92064304,3.132856024,10.83193524,27.8845976,22.29607561,8.621001422
sh000083,33749,0.31235574,18.0881601,1.824660786,2.100131695,32.27747905,27.08003655,3.892825064
sh000084,33750,0.172330023,11.34736176,8.271945545,57.68862676,25.20784365,15.63415139,2.416617366
sh000085,33751,0.521541089,21.86946832,4.590950496,20.04922887,24.91758899,21.25794275,2.639860973
sh000086,33752,0.68716283,34.60107581,3.923134594,18.62515987,31.26733215,19.9562103,6.523425741
sh000087,33753,0.525831276,36.35396556,4.852868962,25.06721799,22.37059669,22.5304308,6.426574618
sh000088,33754,0.311730684,19.58381185,2.899098472,22.0318744,28.68010679,22.55610161,2.174758529
sh000089,33755,0.250390252,14.5576298,6.21035266,32.79192362,27.93829188,20.86624215,1.464280329
sh000090,33756,0.534470877,32.09705381,4.51327221,13.2886496,25.22309664,27.29602509,4.463417404
sh000091,33757,0.473369823,30.90801235,4.139604591,23.21404165,26.10872834,26.69769763,9.137036198
sh000092,33758,0.292192182,13.14711114,5.070860147,22.97447135,23.50330532,16.67875396,0.432062041
sh000093,33759,0.244739172,10.59037342,5.910705385,19.97534465,29.98213977,18.01979866,2.040727426
sh000094,33760,0.642314463,40.39931841,3.448412441,8.959532691,25.96521118,31.64445652,8.180132659
sh000095,33761,0.733202056,46.02503084,4.129824456,12.05669597,34.72306605,27.65020907,6.149423647
sh000096,33762,0.186303063,16.82454208,7.167942163,30.73635367,23.09556956,14.04646088,0.901395384
sh000097,33763,0.458485739,24.10465512,4.013219868,32.98129691,28.42007702,22.40854759,9.451545178
sh000098,33764,0.305001963,24.59610326,4.920111387,26.32507487,25.03118417,19.40261356,6.154759193
sh000099,33765,0.148133047,10.16541694,8.156939538,26.37209388,23.15472774,21.61519218,1.1607906
sh000100,33766,0.156134699,16.61914183,6.211570931,1.778227667,24.37920478,27.1764113,1.525096307
sh000101,33767,0.661784897,43.82976983,3.525812792,9.519142344,26.80030764,27.74568236,7.252075865
sh000102,33768,0.75644884,32.1708346,2.876119766,35.68948871,34.28006208,25.42462429,5.970746444
sh000103,33769,0.230214298,17.85349222,6.564416918,24.93292826,26.02601524,10.65127824,5.62835729
sh000104,33770,0.594572932,33.43106403,3.644550753,36.27941906,26.98671956,23.56947447,7.093375701
sh000105,33771,0.554864308,34.3486979,4.202494248,12.58339873,25.41285199,23.63863976,6.431162386
sh000106,33772,0.186913566,16.85978802,5.578834693,32.775458,25.07361383,19.62859719,0.14277976
sh000107,33773,0.328478844,19.07091528,3.376352268,18.58076934,15.75128257,21.24560186,5.036311654
sh000108,33774,0.31079424,20.67781866,4.793362801,26.6012778,28.66921654,17.2142566,1.556515994
sh000109,33775,0.127539921,16.66464205,6.377858776,45.65263746,34.51224497,15.58279496,-1.008417137
sh000110,33776,0.475004897,33.84563016,2.844390479,15.41300606,25.98013906,22.9855542,5.577858144
sh000111,33777,0.375746851,26.38073173,5.349962054,27.79319871,19.10421498,10.17799472,1.137824975
sh000112,33778,0.175544574,22.67619078,8.726634923,34.25751082,29.85684216,22.62800442,4.276854391
sh000113,33779,0.468680639,33.33582238,3.186717739,11.90745229,26.57142304,22.50840526,5.193930838
sh000114,33780,0.221187107,28.22047439,3.170455088,26.22343109,28.65395781,16.50723149,4.328338978
sh000115,33781,0.415579465,28.0594981,2.572853063,19.9962751,39.39884922,24.52584012,3.450996179
sh000116,33782,0.195161251,18.27700086,3.06672659,26.4308336,26.55179641,19.88925814,5.466312749
sh000117,33783,0.108911233,14.06834508,8.271224452,46.9202188,30.04458893,17.80376449,-1.375965407
sh000118,33784,0.688914017,48.85124201,2.362932546,10.78231955,26.39453861,19.99442972,8.281333404
sh000119,33785,0.225251876,27.01210911,5.130310386,44.58904355,30.76976981,13.54767966,0.719726325
sh000120,33786,0.46343325,27.64456676,4.239948637,8.182765927,31.92781851,27.96652611,6.001891732
sh000121,33787,0.508541879,29.87254872,4.076703886,12.82914794,42.11828388,23.49921599,10.0913944
sh000122,33788,0.073037059,8.954232626,7.658248363,48.73970199,34.76887249,22.23803704,-1.875015975
sh000123,33789,0.09838991,16.85358911,8.249969528,57.04723807,16.25914532,13.42926223,1.036587107
sh000124,33790,0.380423699,27.5714252,5.192893956,27.51103183,18.70512814,8.702256524,4.857850576
sh000125,33791,0.411270397,27.31623242,4.146921308,9.465590107,21.87391577,16.08142707,7.086214034
sh000126,33792,0.350236733,30.75076455,5.564816158,28.06409644,23.03080551,19.4763747,2.280418334
sh000127,33793,0.665531173,47.76407597,2.817709033,12.19650424,38.50973629,22.78599833,10.22493793
sh000128,33794,0.647343403,43.1997162,3.01488592,7.287718842,31.63475939,24.71404002,5.960182587
sh000129,33795,0.130730482,19.19364936,9.02400707,51.07325456,25.4631271,10.77083887,-0.75235624
sh000130,33796,0.429129089,36.48231101,3.154470229,33.37541391,34.27105598,24.73139934,8.949592279
sh000131,33797,0.474909442,41.49375704,2.796324067,26.74376597,34.54375784,25.90586904,4.578205857
sh000132,33798,0.328779712,27.54511168,6.814178814,31.78161166,34.17844256,22.19964717,3.287743569
sh000133,33799,0.107226141,6.941873242,6.460086066,58.57469282,22.80949766,18.24666593,1.203984661
sh000134,33800,0.410040942,22.76888429,4.06967061,29.75381338,37.1805063,18.78745085,7.522054497
sh000135,33801,0.508397443,28.27990537,2.994178683,12.17108801,21.03680486,19.38326915,8.303929103
sh000136,33802,0.309091947,19.24669533,2.740062592,36.10438786,15.27012412,11.78410566,6.356375271
sh000137,33803,0.37937129,28.97725351,3.603233429,21.7193608,37.2173218,25.43850697,7.956196647
sh000138,33804,0.257777432,13.92437227,5.99618688,76.72473796,19.93620463,19.96474512,-1.881470815
sh000139,33805,0.324559296,24.70890826,3.602384203,24.39107051,19.74889264,16.11591581,6.228961241
sh000140,33806,0.308666385,18.21297423,3.196389023,23.72192557,34.64336529,17.11024199,3.485202834
sh000141,33807,0.378375974,26.90928789,3.44045058,14.72081667,30.39811256,12.83617172,5.13522674
sh000142,33808,0.504595686,33.91665266,3.011017771,11.94318757,30.22851481,22.6457803,4.536031474
sh000143,33809,0.238868262,12.63326865,4.64430623,25.24563315,38.7014693,19.82695557,2.874979109
sh000144,33810,0.314756893,16.909109,4.07144719,14.95234384,28.66585748,21.35914711,5.292768557
sh000145,33811,0.22085272,9.136631462,5.100293142,31.14949725,26.52400977,17.13730792,2.367181504
sh000146,33812,0.34115325,24.93262637,1.600957992,6.13474445,31.34603924,19.93850737,6.541473853
sh000147,33813,0.257534346,11.05704399,10.65926666,41.85884062,22.33628958,15.82446307,-0.137421501
sh000148,33814,0.335063059,19.42025675,4.13481712,6.908023072,25.24350938,20.76899097,8.831424256
sh000149,33815,0.200237753,11.29561494,5.180367233,22.25422588,33.07813346,44.16504533,6.317876522
sh000150,33816,0.321813562,19.00071895,4.174410897,7.154969064,33.29155788,24.62729076,9.993441775
sh000151,33817,0.471906372,27.35232641,2.738456066,13.6399948,34.1139736,20.98213382,5.925647219
sh000152,33818,0.38202056,24.13908462,10.2482641,5.128132341,33.82913729,14.17177966,8.84638489
sh000153,33819,0.163127586,8.988937175,9.148979175,41.65605121,16.97666388,10.72785336,2.56881748
sh000154,33820,0.464324538,31.78005799,4.881051826,6.408507179,30.8481826,23.97674373,9.888589664
sh000155,33821,0.352078546,13.37465704,4.240308397,18.95200574,33.0705581,30.47645877,3.524708375
sh000156,33822,0.434473635,25.37771301,7.424245111,17.77186213,24.54948553,19.37210257,6.432400075
sh000157,33823,0.536967058,32.64557488,5.729381818,26.64818205,28.46315286,25.82589544,7.38501127
sh000158,33824,1.133342352,52.73386692,2.554753971,4.801544677,27.18251298,21.26071142,11.154162
sh000159,33825,0.347038672,36.00440625,4.150019667,20.55795374,38.66807395,26.82908461,7.328623523
sh000160,33826,0.47413874,37.19043604,3.252707773,19.95186751,39.54053132,25.27894567,5.877029534
sh000161,33827,0.690545104,32.78386614,6.449920382,21.09240259,49.11241185,22.59211072,14.21021526
sh000162,33828,0.39400256,36.32192188,3.104833097,26.25830299,31.77722206,28.93983641,8.32230301
sh000163,33829,0.357216327,30.36812873,3.781297037,22.20052539,37.6236974,31.01657008,7.127891474
sh000164,33830,0.534504438,28.26534232,2.775756183,11.57622151,31.73844026,29.08094364,6.577133312
sh000165,33831,1.203729419,41.07615097,3.07017964,19.61424663,21.97398016,18.55923703,12.12015443
sh000166,33832,1.060667138,48.68529867,3.406694804,16.5697779,29.56324175,17.6396128,14.97296949
sh000167,33833,1.110249279,54.19690165,4.227156288,17.60268005,24.15621344,17.8411686,16.57419539
sh000168,33834,0.585322284,31.66543588,4.003060846,13.90795717,36.29818174,13.71013105,8.24552654
sh000169,33835,0.126570991,17.50444961,8.171692879,39.32212806,18.02633132,11.95844467,3.687189057
sh000170,33836,1.271788736,49.32716103,3.44151674,9.28638095,23.21882453,15.34273329,18.37173291
sh000171,33837,0.692269848,41.75384826,3.572922535,16.240639,34.6687387,14.96325982,6.628477728
sh000172,33838,1.045269088,54.04995346,3.959204876,8.726371013,26.99693037,17.12445388,20.90103463
sh000173,33839,0.690574212,38.77995711,4.07264043,14.76793849,37.33663275,13.79406336,9.228486333
sh000174,33840,1.298319086,48.60924668,4.1700769,12.8825389,25.19559114,18.58243303,14.92223204
sh000175,33841,0.630382189,33.4161756,4.081739715,13.85143547,33.68026085,12.46782069,10.34382507
sh000176,33842,1.179150818,52.65506675,3.566479705,4.035043413,29.27526327,16.56845103,15.08158304
sh000177,33843,0.96364496,48.40181397,5.96357396,9.411836129,29.44932334,17.84756638,18.05484357
sh000178,33844,0.731405047,35.93964067,5.478794041,24.68920415,42.30487665,22.42347747,13.89467502
sh000179,33845,0.874554716,48.94122603,6.07584121,42.89649749,29.80681548,14.92361677,6.829092102
sh000180,33846,1.372719479,46.51949485,4.34034904,13.59887856,29.07007681,20.01917741,14.41782455
sh000181,33847,1.163004085,42.56940232,5.082961184,23.01170611,23.20670791,19.95211847,10.73356099
sh000182,33848,0.587788386,31.3835238,4.233660183,21.37494939,27.99354775,14.97302971,9.799875099
sh000183,33849,1.628868641,57.08202898,4.286386503,9.332790627,29.82817055,22.45115384,21.52861605
sh000184,33850,0.239984406,9.957724845,5.02127969,28.94927152,20.5390956,21.18410607,2.260521122
sh000185,33851,0.602863219,30.20167171,4.145666304,33.13600785,42.34769123,34.23282155,15.5922301
sh000186,33852,1.083429515,55.64068838,2.144001503,6.939363544,31.31433309,13.50567332,14.3995047
sh000187,33853,1.073820653,48.12405837,5.976520329,14.26070149,26.80094134,16.99691259,19.05105582
sh000188,33854,1.163418257,40.29809784,4.578271972,27.88035133,49.81577213,38.00268486,6.508223359
sh000189,33855,0.661956605,39.77985781,4.494934347,32.62840722,38.53231471,34.91595321,11.27347746
sh000190,33856,0.216764911,12.76836378,8.468301933,30.87033808,18.51203902,11.07329077,2.590215591
sh000191,33857,0.572116267,30.30350773,4.480272191,40.50372766,49.85375108,36.57214973,12.19008032
sh000192,33858,2.00418394,40.49504322,3.751751963,26.93336732,25.06455213,27.67604226,12.16178162
sh000193,33859,1.782887659,54.79451902,5.713116131,11.47571227,38.39011225,29.33142204,15.50008579
sh000194,33860,1.172873887,45.63341599,4.010042519,18.33410536,22.05049261,15.00836421,7.507147516
sh000195,33861,0.571859156,32.58384868,4.216583679,42.00617806,32.02727908,21.90913736,9.682858563
sh000196,33862,0.191045251,9.618261173,5.210348842,24.84009312,22.72986983,15.84136455,2.10838004
sh000197,33863,1.159527484,48.38283157,4.648536063,15.05893865,23.41514934,24.74347825,10.60883328
sh000198,33864,1.122566479,56.31596693,2.137938184,4.133556728,24.13060877,19.55966809,15.75403388
sh000199,33865,1.144919952,58.92083126,3.362852736,7.740551749,19.86442042,16.64882225,19.98379654
sh000200,33866,0.179358746,11.47967678,5.34432739,23.400759,20.19197629,18.64134098,0.576566764
sh000201,33867,0.759313312,41.82357185,3.592443094,21.87906515,33.17294581,23.46334118,13.0587482
